idMUNICIPIO,NomeM,POP_2010,POP_2013,POP_2014,POP_2015,POP_2016,QTD_IES,IDH_2010,GINI_2010,PIB_2010,PERCAPITA_2010,UF_idUF
1,"Barra De São Miguel",5611,5746,5791,5836,5880,0,0.57200003,0.4553,26723.669,4762.73,15
2,Cambará,23871,24210,24323,24437,24550,0,0.72100002,0.4763,377784.282,15826.08,18
3,"José Gonçalves De Minas",4577,4541,4529,4518,4506,0,0.63200003,0.4157,22119.589,4832.77,11
4,"Ewbank Da Câmara",3752,3795,3810,3824,3838,0,0.67600000,0.3693,21237.870,5660.41,11
5,Amontada,39233,41303,41993,42683,43373,0,0.60600001,0.5633,183179.765,4669.02,6
6,Itá,6427,6326,6292,6259,6225,0,0.77100003,0.4531,199626.695,31060.63,24
7,"Gracho Cardoso",5648,5687,5700,5713,5725,0,0.57700002,0.5784,35169.384,6226.87,25
8,"Ouro Preto Do Oeste",37941,37058,36764,36470,36175,0,0.68199998,0.4947,472349.088,12449.57,21
9,"Bueno Brandão",10892,10880,10876,10872,10868,0,0.65799999,0.4456,97852.965,8983.93,11
10,"Praia 3",7661,7925,8013,8101,8189,0,0.58300000,0.5339,37647.026,4914.11,27
11,"São Domingos Do Capim",29827,30554,30796,31038,31280,0,0.53200001,0.6063,104062.664,3488.87,14
12,"Canaã Dos Carajás",26727,31469,33049,34630,36210,0,0.67299998,0.5686,1559968.168,58366.75,14
13,Cambé,96735,99300,100155,101010,101864,0,0.73400003,0.4231,1439278.976,14878.58,18
14,"Palmeiras De Goiás",23333,24986,25537,26089,26640,0,0.69800001,0.4464,496032.043,21258.82,9
15,Quadra,3236,3412,3470,3529,3587,0,0.67799997,0.4908,48616.928,15023.77,26
16,Montezuma,7472,7742,7832,7922,8011,0,0.58700001,0.4578,32333.062,4327.23,11
17,Cacimbas,6814,6765,6748,6732,6715,0,0.52300000,0.5374,26182.910,3842.52,15
18,"Iporã Do Oeste",8413,8574,8627,8681,8735,0,0.75900000,0.4347,121138.078,14398.92,24
19,Itutinga,3913,3845,3822,3800,3777,0,0.72700000,0.5592,57946.506,14808.72,11
20,"Mundo Novo",17035,17445,17581,17718,17855,0,0.68599999,0.5144,229489.697,13471.66,12
21,"Vila Nova Do Piauí",3076,3127,3144,3161,3178,0,0.56500000,0.6043,14491.997,4711.31,17
22,"Prata Do Piauí",3085,3075,3072,3069,3066,0,0.56500000,0.5616,12338.764,3999.60,17
23,Cajari,18348,19831,20325,20820,21314,0,0.52300000,0.6273,70696.226,3853.08,10
24,Puxinanã,12929,13213,13308,13403,13498,0,0.61699998,0.4575,61013.834,4719.15,15
25,"Bernardino De Campos",10777,10794,10800,10806,10811,0,0.73400003,0.4560,143140.543,13282.04,26
26,"Flora Rica",1752,1625,1582,1540,1497,0,0.72700000,0.4179,32921.687,18790.92,26
27,"Bernardo Sayão",4467,4442,4433,4425,4417,0,0.63800001,0.4364,52725.636,11803.37,27
28,"Reserva Do Iguaçu",7327,7522,7587,7652,7716,0,0.64800000,0.5729,67863.704,9262.14,18
29,Jussara,6613,6707,6739,6770,6801,0,0.71799999,0.4570,150471.257,22753.86,18
30,"São Salvador Do Tocantins",2910,2961,2978,2995,3012,0,0.60500002,0.6203,41926.921,14407.88,27
31,Itapira,68365,69861,70360,70859,71358,1,0.76200002,0.4611,1738168.072,25424.82,26
32,Guaraniaçu,14583,13798,13536,13274,13012,0,0.67699999,0.5452,179228.600,12290.24,18
33,Joaíma,14930,15043,15080,15118,15155,0,0.58700001,0.5385,76506.717,5124.36,11
34,"Boa Ventura",5751,5500,5416,5333,5249,0,0.59899998,0.4612,24186.143,4205.55,15
35,"Pio Xii",22016,20097,19457,18818,18178,0,0.54100001,0.5391,80490.907,3656.02,10
36,Itueta,5836,5895,5914,5934,5953,0,0.63499999,0.5219,49864.879,8544.36,11
37,"Colônia Leopoldina",20022,20781,21034,21287,21539,0,0.51700002,0.5406,111934.989,5590.60,2
38,Florianópolis,421203,444869,452758,460647,468536,1,0.84700000,0.5474,9806533.682,23282.20,24
39,Poconé,31778,32080,32180,32281,32381,0,0.65200001,0.5598,314326.371,9891.32,13
40,Acajutiba,14830,14982,15033,15084,15135,0,0.58200002,0.5791,72116.066,4862.85,5
41,"Jardim De Angicos",2607,2588,2582,2576,2569,0,0.56500000,0.5342,14135.845,5422.27,20
42,"Palmeira Do Piauí",4993,4931,4911,4890,4869,0,0.55699998,0.5967,25399.605,5087.04,17
43,Nonoai,12076,11852,11778,11703,11628,0,0.70200002,0.5068,221527.802,18344.47,23
44,Pejuçara,3973,3908,3887,3865,3843,0,0.74100000,0.4636,115237.426,29005.14,23
45,"Conceição Da Feira",20408,21276,21566,21855,22144,0,0.63400000,0.5738,104357.773,5113.57,5
46,Jacutinga,22797,23935,24314,24694,25073,0,0.71499997,0.4326,298909.751,13111.80,11
47,Poções,44760,44924,44979,45034,45088,0,0.60399997,0.5527,232557.747,5195.66,5
48,"Cerro Largo",13289,13476,13539,13601,13663,0,0.76400000,0.4721,327198.364,24621.74,23
49,Guairaçá,6194,6283,6312,6342,6372,0,0.69300002,0.4548,81245.480,13116.80,18
50,"João Dias",2601,2603,2603,2604,2604,0,0.52999997,0.5572,12597.126,4843.19,20
51,Aracoiaba,25405,25807,25941,26076,26210,0,0.61500001,0.5175,107383.587,4226.87,6
52,Macapá,397913,432295,443755,455216,466676,0,0.73299998,0.6037,5215129.810,13106.21,4
53,Mostardas,12130,12272,12319,12366,12413,0,0.66399997,0.5593,237326.460,19565.25,23
54,Traipu,25710,26391,26618,26846,27073,0,0.53200001,0.6452,77845.369,3027.82,2
55,"Santana Dos Garrotes",7266,7081,7020,6958,6896,0,0.59399998,0.4896,31400.856,4321.62,15
56,"Vila Rica",21403,23149,23731,24313,24895,0,0.68800002,0.5647,291373.020,13613.65,13
57,Santaluz,33816,34674,34960,35247,35533,0,0.59799999,0.4999,147193.263,4352.77,5
58,"Barra Do Mendes",13997,14113,14152,14191,14229,0,0.63000000,0.5775,60071.177,4291.72,5
59,"Coronel João Sá",17066,16286,16026,15767,15507,0,0.53500003,0.4883,104720.361,6136.20,5
60,"Senador Georgino Avelino",3924,4111,4173,4235,4297,0,0.56999999,0.4493,21601.723,5505.03,20
61,"Nicolau Vergueiro",1721,1694,1685,1676,1666,0,0.75300002,0.5288,49538.737,28784.86,23
62,"Presidente Kennedy",10315,10543,10619,10695,10771,0,0.65700001,0.4958,1607332.884,155824.81,8
63,Chapada,9377,9266,9229,9193,9156,0,0.75700003,0.4629,211682.630,22574.66,23
64,Lapão,25651,25928,26021,26113,26205,0,0.59600002,0.5264,119886.611,4673.76,5
65,"Nova Cantu",7425,6678,6429,6181,5932,0,0.65799999,0.4820,82869.686,11160.90,18
66,"São Felipe",20305,20328,20336,20344,20351,0,0.61600000,0.5101,91891.473,4525.56,5
67,"Piedade Dos Gerais",4645,4756,4793,4831,4868,0,0.62599999,0.4856,30807.527,6632.41,11
68,"Coronel Pilar",1725,2243,2415,2588,2760,0,0.72700000,0.3748,30298.646,17564.43,23
69,"Aparecida Do Rio Negro",4213,4422,4491,4561,4631,0,0.65100002,0.4878,39482.578,9371.61,27
70,"Rosário Do Catete",9222,9858,10070,10282,10494,0,0.63099998,0.5148,408004.227,44242.49,25
71,"São João Da Ponta",5265,5634,5757,5880,6003,0,0.58300000,0.5377,19258.415,3657.82,14
72,"Olho Dágua",6931,6661,6571,6481,6391,0,0.57200003,0.5557,29875.646,4310.44,15
73,Douradina,5365,5555,5618,5682,5745,0,0.69900000,0.6174,54712.224,10197.99,12
74,Terenos,17162,18812,19362,19912,20462,0,0.65799999,0.5206,213040.309,12413.49,12
75,Parecis,4810,5166,5285,5404,5523,0,0.61699998,0.5315,82159.935,17081.07,21
76,Amparo,65836,67466,68009,68552,69095,1,0.78500003,0.4977,2023207.626,30731.02,26
77,"Sítio Do Mato",12051,12141,12171,12201,12230,0,0.56400001,0.5956,74928.561,6217.62,5
78,Janaúba,66803,68349,68864,69379,69894,0,0.69599998,0.5405,524695.709,7854.37,11
79,River5,6165,5857,5754,5652,5549,0,0.66399997,0.5152,47874.088,7765.46,26
80,"São Geraldo Da Piedade",4389,4201,4139,4076,4013,0,0.60000002,0.5563,26324.460,5997.83,11
81,Mairinque,43225,44200,44525,44850,45175,0,0.74299997,0.4804,897099.484,20754.18,26
82,"Santa Terezinha",8767,8745,8738,8731,8723,0,0.66900003,0.5352,132926.308,15162.12,24
83,"São Miguel Do Oeste",36295,37486,37883,38281,38678,0,0.80100000,0.5043,636568.613,17538.74,24
84,Boqueirão,16889,17196,17298,17400,17502,0,0.60699999,0.4611,105053.507,6220.23,15
85,Tubarão,97281,99924,100805,101687,102568,1,0.79600000,0.4762,1795073.192,18452.45,24
86,Cristalina,46568,50304,51549,52794,54039,0,0.69900000,0.5753,1121098.295,24074.44,9
87,Carlópolis,13706,13826,13866,13907,13947,0,0.71300000,0.4750,150943.212,11012.93,18
88,Xanxerê,44102,46104,46771,47439,48106,0,0.77499998,0.5041,969228.401,21976.97,24
89,"Marabá Paulista",4812,5146,5257,5369,5480,0,0.67699999,0.3962,73912.036,15359.94,26
90,Nordestina,12398,12577,12637,12697,12757,0,0.56000000,0.5416,43285.886,3491.36,5
91,"Conselheiro Mairinck",3627,3676,3693,3709,3725,0,0.70700002,0.4766,36773.793,10138.90,18
92,Tamboril,25455,25300,25248,25196,25144,0,0.57999998,0.5287,103200.946,4054.25,6
93,Condado,24298,25048,25298,25549,25799,0,0.60200000,0.5405,118233.048,4865.96,16
94,Batayporã,10938,11032,11063,11095,11126,0,0.68400002,0.5654,215899.956,19738.52,12
95,"Chapadão Do Céu",7004,7972,8294,8617,8940,0,0.74199998,0.4220,682159.645,97395.72,9
96,"Maria Da Fé",14216,14099,14060,14021,13981,0,0.70200002,0.4863,103817.085,7302.83,11
97,"Barra De Santo Antônio",14228,15091,15379,15667,15954,0,0.55699998,0.5362,61283.950,4307.28,2
98,Primavera,10268,10433,10488,10543,10598,0,0.57700002,0.6550,33449.939,3257.69,14
99,"Águas De São Pedro",2703,2949,3031,3113,3195,0,0.85399997,0.5438,57198.625,21161.16,26
100,Caturité,4546,4655,4691,4728,4764,0,0.62300003,0.5686,35912.374,7899.77,15
101,"Santa Tereza De Goiás",3991,3779,3709,3638,3567,0,0.66500002,0.5276,33371.244,8361.62,9
102,"Manoel Urbano",7989,8474,8635,8797,8958,0,0.55100000,0.5939,67533.452,8453.30,1
103,"Américo Brasiliense",34522,36393,37016,37640,38263,0,0.75099999,0.3972,684651.202,19832.32,26
104,Potengi,10276,10617,10731,10845,10959,0,0.56199998,0.5844,40315.820,3923.30,6
105,Várzea,2504,2640,2685,2731,2776,0,0.70700002,0.4078,14940.385,5966.61,15
106,"Caxias Do 5",435482,458001,465507,473014,480520,4,0.78200001,0.4925,15692358.720,36034.46,23
107,"Elói Mendes",25266,26262,26594,26926,27257,0,0.68500000,0.4790,329980.035,13060.24,11
108,Sapeaçu,16597,16641,16656,16671,16685,0,0.61400002,0.5905,84154.913,5070.49,5
109,Goia3,4960,4996,5008,5021,5033,0,0.62099999,0.5430,45159.829,9104.80,27
110,Aiuruoca,6173,6084,6055,6025,5995,0,0.66799998,0.4888,58442.697,9467.47,11
111,Pureza,8432,8873,9020,9167,9313,0,0.56699997,0.5414,43962.376,5213.75,20
112,"Rio Branco",335796,360617,368891,377165,385438,3,0.72700000,0.6121,4311124.353,12838.52,1
113,Aracati,69167,71561,72359,73157,73955,0,0.65499997,0.5416,560865.057,8108.85,6
114,"Nina Rodrigues",12467,13720,14138,14556,14974,0,0.58499998,0.6281,43087.371,3456.11,10
115,Petrolândia,32485,34035,34551,35068,35584,0,0.62300003,0.5686,705416.345,21715.14,16
116,"Cedro Do Abaeté",1212,1189,1181,1174,1166,0,0.67799997,0.4093,11360.646,9373.47,11
117,"Goianésia Do Pará",30437,32763,33538,34313,35088,0,0.56000000,0.5619,147271.848,4838.58,14
118,"Campos Do Jordão",47824,48896,49253,49610,49967,0,0.74900001,0.5914,611867.598,12794.15,26
119,Tacuru,10215,10664,10814,10964,11114,0,0.59299999,0.5957,107141.814,10488.67,12
120,"Cornélio Procópio",46925,46944,46951,46957,46963,0,0.75900000,0.4880,780751.256,16638.28,18
121,"Barra Do Ribeiro",12568,12785,12857,12930,13002,0,0.67000002,0.5071,170130.470,13536.80,23
122,Americana,210701,219133,221944,224755,227566,0,0.81099999,0.4693,6659418.053,31606.01,26
123,Icatu,25147,26244,26610,26976,27342,0,0.54600000,0.5876,78390.651,3117.30,10
124,"Pérola Doeste",6764,6587,6528,6469,6410,0,0.72600001,0.4440,75663.829,11186.26,18
125,Piratininga,12072,12518,12667,12816,12965,0,0.77899998,0.4783,120419.708,9975.12,26
126,"Pedra Grande",3521,3372,3323,3273,3223,0,0.55900002,0.4813,23275.798,6610.56,20
127,"Porto Alegre Do Piauí",2559,2600,2614,2628,2642,0,0.56300002,0.4867,13382.823,5229.71,17
128,Igarapé-açu,35843,36876,37220,37565,37909,0,0.59500003,0.5731,124380.208,3470.14,14
129,Guaporema,2218,2210,2208,2205,2202,0,0.71899998,0.3738,32314.236,14569.09,18
130,Manari,18187,19735,20251,20767,21282,0,0.48699999,0.5438,68948.608,3791.09,16
131,"Santa Teresa",21815,22173,22292,22412,22531,0,0.71399999,0.4964,233886.146,10721.35,8
132,"Corumbataí Do 5",4003,3720,3626,3532,3437,0,0.63800001,0.4229,37291.339,9315.85,18
133,"Cambará Do 5",6545,6457,6427,6398,6368,0,0.69700003,0.4545,115218.565,17604.06,23
134,Ibaté,30724,32003,32429,32855,33281,0,0.70300001,0.4003,427857.491,13925.84,26
135,Tocantinópolis,22608,22557,22540,22524,22507,0,0.68099999,0.5272,146155.574,6464.77,27
136,"Monte Santo",52360,51702,51483,51264,51045,0,0.50599998,0.5517,187622.942,3583.33,5
137,Araçagi,17224,16963,16876,16789,16701,0,0.54900002,0.5333,106495.014,6182.94,15
138,Riachinho,8007,8017,8021,8024,8027,0,0.63200003,0.4904,54855.969,6851.00,11
139,"Fazenda Nova",6318,6086,6008,5931,5853,0,0.68500000,0.4707,66905.125,10589.61,9
140,Carnaubais,9775,10250,10408,10567,10725,0,0.58899999,0.5263,77275.147,7905.39,20
141,"São José Dos Basílios",7496,7515,7522,7528,7534,0,0.55699998,0.5520,29432.949,3926.49,10
142,"Francisco Sá",24918,25325,25460,25596,25732,0,0.65399998,0.5353,177306.395,7115.59,11
143,"Lagoa De Dentro",7370,7455,7484,7512,7540,0,0.56999999,0.5308,41381.320,5614.83,15
144,"Santa Gertrudes",21644,23365,23939,24513,25087,0,0.73699999,0.3857,414322.872,19142.62,26
145,Centenário,2565,2686,2726,2766,2806,0,0.56900001,0.6363,18458.642,7196.35,27
146,"São João Do Tigre",4396,4371,4362,4354,4345,0,0.55199999,0.5166,18885.413,4296.04,15
147,Divinópolis,213076,221810,224722,227633,230544,1,0.76400000,0.4797,3374633.714,15837.70,11
148,"Guarujá Do 5",4908,4972,4993,5014,5035,0,0.73000002,0.4021,76985.548,15685.73,24
149,"Ponta De Pedras",25989,28178,28907,29637,30366,0,0.56199998,0.6104,88284.815,3397.01,14
150,Benevides,51663,56498,58110,59722,61333,0,0.66500002,0.4920,599178.279,11597.82,14
151,"São João Batista Do Glória",6890,7076,7138,7200,7261,0,0.72399998,0.4537,358922.587,52093.26,11
152,"Novo Progresso",25106,25153,25169,25185,25201,0,0.67299998,0.5563,221402.781,8818.72,14
153,Ibipitanga,14171,14397,14472,14547,14622,0,0.58399999,0.5761,52235.032,3686.05,5
154,"Salto Do Itararé",5178,5067,5030,4993,4955,0,0.70400000,0.4231,43142.645,8331.91,18
155,"Limoeiro Do 3",56281,58279,58945,59612,60278,0,0.68199998,0.5055,402179.559,7145.92,6
156,"Praia Grande",7270,7265,7264,7262,7260,0,0.71799999,0.4278,86047.800,11836.01,24
157,Planaltino,8822,9080,9166,9252,9337,0,0.57200003,0.5631,35230.821,3993.52,5
158,Anajatuba,25294,25989,26220,26452,26684,0,0.58099997,0.6039,93059.932,3679.13,10
159,Pirapó,2757,2579,2520,2461,2402,0,0.66900003,0.4593,35586.585,12907.72,23
160,Jaguaré,24718,26272,26790,27308,27825,0,0.67799997,0.5677,395950.525,16018.71,8
161,Biquinhas,2634,2578,2559,2541,2522,0,0.68800002,0.4126,29098.769,11047.37,11
162,"Nova Londrina",13069,13039,13029,13019,13009,0,0.75800002,0.4986,185838.270,14219.78,18
163,Braganey,5735,5598,5553,5507,5461,0,0.70099998,0.5081,75598.352,13181.93,18
164,"São José Do Barreiro",4097,4083,4079,4074,4069,0,0.68400002,0.5483,33292.095,8125.97,26
165,Rincão,10414,10439,10448,10456,10464,0,0.73400003,0.4472,125283.126,12030.26,26
166,Óleo,2673,2577,2545,2513,2480,0,0.73000002,0.4245,42109.230,15753.55,26
167,Curralinhos,4182,4344,4398,4453,4507,0,0.55500001,0.5349,12543.237,2999.34,17
168,Croatá,17077,17381,17482,17584,17685,0,0.58999997,0.5864,75025.748,4393.38,6
169,"Três Forquilhas",2912,2814,2781,2749,2716,0,0.66200000,0.4213,28421.094,9759.99,23
170,"Serra Grande",2975,3011,3023,3035,3047,0,0.58600003,0.4792,13322.992,4478.32,15
171,Juatuba,22221,23971,24554,25137,25720,0,0.71700001,0.4854,879186.531,39565.57,11
172,Ibiporã,48200,50014,50619,51224,51828,0,0.72600001,0.4782,903315.281,18740.98,18
173,"Monteiro Lobato",4123,4275,4326,4377,4428,0,0.70999998,0.4953,51082.881,12389.74,26
174,Quatá,12828,13180,13297,13415,13532,0,0.73799998,0.4175,522892.034,40761.77,26
175,Apuiarés,13927,14343,14482,14621,14759,0,0.61799997,0.5430,52312.552,3756.20,6
176,Catanduvas,10208,10144,10123,10102,10080,0,0.67799997,0.5415,142586.322,13968.10,18
177,"Coronel Freitas",10213,10116,10084,10052,10020,0,0.74400002,0.4103,169388.471,16585.57,24
178,Maturéia,5939,6211,6302,6393,6483,0,0.57200003,0.5226,26213.656,4413.82,15
179,"Pedra Dourada",2187,2297,2333,2370,2406,0,0.65499997,0.5455,16680.136,7626.95,11
180,Lagarto,94852,98307,99459,100611,101763,1,0.62500000,0.5069,699879.782,7378.65,25
181,Casca,8648,8710,8731,8752,8773,0,0.78500003,0.4310,245670.127,28407.74,23
182,Macieira,1826,1804,1796,1789,1782,0,0.66200000,0.4036,29812.193,16326.50,24
183,Entre-ijuís,8938,8709,8632,8556,8480,0,0.68000001,0.4726,122232.463,13675.59,23
184,Mirangaba,16323,16942,17148,17354,17560,0,0.54200000,0.5183,68599.689,4202.64,5
185,"Rodeio Bonito",5743,5741,5740,5739,5738,0,0.73199999,0.4622,75465.431,13140.42,23
186,"Paraguaçu Paulista",42281,43080,43346,43613,43879,0,0.76200002,0.4641,923619.457,21844.79,26
187,Esperantina,9476,10032,10217,10403,10588,0,0.56999999,0.5610,49070.718,5178.42,27
188,Taguatinga,15053,15618,15807,15995,16183,0,0.63400000,0.6521,126059.472,8374.38,27
189,Gilbués,10393,10442,10459,10475,10491,0,0.54799998,0.6883,60052.977,5778.21,17
190,Barracão,5355,5284,5260,5237,5213,0,0.70999998,0.5879,118293.578,22090.30,23
191,"Santana Do Araguaia",56132,63606,66098,68589,71080,0,0.60200000,0.4721,316215.095,5633.42,14
192,"Chapada Da Natividade",3280,3282,3282,3283,3284,0,0.62000000,0.6287,35618.685,10859.36,27
193,Paulistas,4918,4860,4840,4821,4801,0,0.62500000,0.5212,28342.150,5762.94,11
194,Tiradentes,7002,7375,7499,7624,7748,0,0.74000001,0.5748,72570.627,10364.27,11
195,"Governador Valadares",263594,268533,270179,271826,273472,2,0.72700000,0.5377,3344341.093,12687.47,11
196,"Três Lagoas",101722,108521,110787,113054,115320,1,0.74400002,0.5099,2821908.887,27741.38,12
197,"Bom Jesus Dos Perdões",19703,21620,22259,22898,23537,0,0.71300000,0.4914,278890.698,14154.73,26
198,Resplendor,17099,17136,17149,17161,17173,0,0.67000002,0.5531,175572.175,10267.98,11
199,Sem-peixe,2847,2750,2718,2686,2653,0,0.65399998,0.4442,18341.006,6442.22,11
200,Pinhal,2515,2519,2520,2521,2522,0,0.72000003,0.4573,47664.039,18951.90,23
201,"Santo Antônio Do Grama",4090,4004,3975,3947,3918,0,0.63300002,0.4238,30139.857,7369.16,11
202,Paramirim,20998,21621,21829,22037,22244,0,0.61500001,0.5134,95967.542,4570.32,5
203,Machacalis,6974,6991,6997,7003,7008,0,0.63999999,0.4852,41203.113,5908.10,11
204,Perdizes,14391,14999,15202,15405,15607,0,0.72299999,0.5539,443725.102,30833.51,11
205,Sinimbu,10067,10024,10010,9996,9981,0,0.63099998,0.4896,121952.267,12114.06,23
206,"Abre Campo",13311,13300,13296,13293,13289,0,0.65399998,0.5225,106732.581,8018.37,11
207,Uiraúna,14584,14855,14945,15036,15126,0,0.63599998,0.5482,74993.380,5142.17,15
208,Pedregulho,15699,15911,15981,16052,16122,0,0.71499997,0.4975,294582.754,18764.43,26
209,"Jenipapo De Minas",7117,7305,7368,7431,7493,0,0.62400001,0.4589,30615.251,4301.71,11
210,Camalaú,5749,5819,5842,5866,5889,0,0.56699997,0.4648,26378.698,4588.40,15
211,Borba,34452,36202,36785,37369,37952,0,0.56000000,0.6364,170912.264,4960.88,3
212,"Casa Nova",64944,67708,68630,69551,70472,0,0.56999999,0.5483,338074.794,5205.64,5
213,Itapuca,2337,2231,2195,2160,2125,0,0.66399997,0.4023,33814.092,14469.02,23
214,Tapiramutá,16528,16368,16315,16262,16208,0,0.59399998,0.6191,80875.997,4893.27,5
215,Ribeirópolis,17163,17680,17853,18025,18197,0,0.61299998,0.4590,130171.386,7584.42,25
216,Miravânia,4561,4673,4711,4748,4785,0,0.59299999,0.4892,31099.939,6818.67,11
217,Seberi,10902,10768,10723,10679,10634,0,0.72299999,0.5269,164259.689,15066.93,23
218,"São Gonçalo Do Gurguéia",2825,2976,3026,3077,3127,0,0.56000000,0.6471,12868.795,4555.33,17
219,"Mato Rico",3822,3620,3552,3485,3418,0,0.63200003,0.4615,32486.785,8499.94,18
220,"Oliveira De Fátima",1035,1058,1066,1074,1081,0,0.67500001,0.5720,12513.665,12090.50,27
221,"Bernardo Do Mearim",5996,6223,6299,6375,6450,0,0.60399997,0.4736,42642.661,7111.85,10
222,"São Valentim Do 5",2168,2176,2179,2182,2185,0,0.76400000,0.4266,40743.595,18793.17,23
223,Pederneiras,41530,43005,43496,43988,44480,0,0.73900002,0.5021,702934.589,16925.95,26
224,Planalto,24497,25334,25613,25892,26171,0,0.56000000,0.4634,116029.923,4736.50,5
225,Sussuapara,6235,6593,6712,6832,6951,0,0.58600003,0.4643,28365.109,4549.34,17
226,"Cuité De Mamanguape",6198,6220,6228,6235,6242,0,0.52399999,0.4839,36844.726,5944.62,15
227,Sericita,7125,7166,7179,7193,7206,0,0.56000000,0.4523,40601.930,5698.52,11
228,Colina,17373,17586,17657,17728,17798,0,0.75700003,0.4614,415013.373,23888.41,26
229,Jiquiriçá,14087,14222,14267,14312,14356,0,0.55299997,0.5046,56943.819,4042.30,5
230,Itaparica,20760,21305,21486,21668,21849,0,0.67000002,0.6035,115036.885,5541.28,5
231,Descoberto,4757,4825,4847,4870,4893,0,0.68000001,0.4591,47795.558,10047.42,11
232,Anastácio,23846,24257,24394,24531,24667,0,0.66299999,0.4811,209936.311,8803.84,12
233,"São José Do Mantimento",2592,2656,2677,2699,2720,0,0.65700001,0.4919,19138.588,7383.71,11
234,Caranaíba,3288,3231,3212,3193,3174,0,0.63400000,0.4423,19435.467,5911.03,11
235,"Novo Lino",12069,12577,12747,12916,13085,0,0.52100003,0.5525,56250.663,4660.76,2
236,"Francisco Santos",8619,9092,9249,9407,9565,0,0.60799998,0.5136,36940.105,4285.89,17
237,"Rio Dos Índios",3616,3290,3182,3073,2964,0,0.65600002,0.5054,47391.269,13105.99,23
238,"Dona Emma",3723,3847,3889,3930,3971,0,0.74199998,0.4641,50510.495,13567.15,24
239,"Santana Do Cariri",17181,17281,17315,17348,17381,0,0.61199999,0.5672,73574.813,4282.34,6
240,"São João Do Jaguaribe",7902,7678,7603,7528,7453,0,0.65399998,0.5110,41945.548,5308.22,6
241,"Cabaceiras Do Paraguaçu",17327,17861,18039,18217,18395,0,0.58099997,0.5455,62273.650,3594.02,5
242,Butiá,20405,20430,20438,20447,20455,0,0.68900001,0.4919,281865.230,13813.54,23
243,"Barra Funda",2367,2408,2421,2435,2449,0,0.76300001,0.3947,75333.319,31826.50,23
244,Cruzeta,7968,7917,7900,7883,7866,0,0.65399998,0.4278,54074.350,6786.44,20
245,Westfalia,2793,3631,3910,4190,4469,0,0.75199997,0.3301,92381.090,33075.94,23
246,Normandia,8926,9762,10041,10320,10599,0,0.59399998,0.7120,89429.719,10019.01,22
247,"Belo Vale",7536,7568,7579,7590,7600,0,0.65499997,0.4699,54930.144,7289.03,11
248,"Presidente Sarney",17143,18171,18513,18856,19198,0,0.55699998,0.5119,61223.195,3571.32,10
249,"Sete Quedas",10780,10733,10718,10702,10686,0,0.61400002,0.5470,105335.371,9771.37,12
250,"Rosário Oeste",17682,17360,17253,17146,17038,0,0.64999998,0.5080,224125.343,12675.34,13
251,Machadinho,5515,5451,5430,5409,5387,0,0.69199997,0.5180,76252.358,13826.36,23
252,"São Domingos Do Maranhão",33630,33804,33862,33921,33979,0,0.58200002,0.5944,148454.280,4414.34,10
253,Sangão,10402,11084,11312,11539,11766,0,0.69999999,0.4051,159261.223,15310.63,24
254,Ibirarema,6725,7032,7135,7237,7339,0,0.70800000,0.4352,113326.848,16851.58,26
255,"São José Da Barra",6778,6996,7068,7141,7213,0,0.73900002,0.5050,347780.336,51310.17,11
256,Melgaço,24789,25907,26279,26652,27024,0,0.41800001,0.5537,71609.837,2888.77,14
257,Bertópolis,4498,4517,4523,4529,4535,0,0.59399998,0.5442,29069.971,6462.87,11
258,Ladainha,16999,17349,17466,17583,17699,0,0.54100001,0.5624,66683.603,3922.80,11
259,"União Dos Palmares",62401,63535,63913,64292,64670,0,0.59299999,0.5469,379843.611,6087.14,2
260,Macajuba,11229,11156,11131,11107,11082,0,0.52399999,0.5639,43733.119,3894.66,5
261,Itabaiana,86981,90031,91048,92065,93082,0,0.64200002,0.5312,824457.070,9478.59,25
262,Wanderlândia,10978,11190,11260,11331,11401,0,0.63800001,0.5206,80896.545,7368.97,27
263,"Vista Alegre",2832,2783,2766,2750,2734,0,0.73900002,0.5715,47583.581,16802.11,23
264,Canaã,4631,4584,4568,4552,4536,0,0.64899999,0.5035,36900.704,7968.19,11
265,Itagi,13053,12580,12423,12265,12107,0,0.54299998,0.4783,61854.675,4738.73,5
266,"Campos Altos",14213,14631,14771,14910,15049,0,0.70200002,0.4052,225393.820,15858.29,11
267,"São José Da Laje",22689,23174,23336,23498,23660,0,0.57300001,0.4915,159223.454,7017.65,2
268,"Júlio Borges",5377,5530,5581,5633,5684,0,0.58200002,0.5331,19360.417,3600.60,17
269,"Piedade Do Rio Grande",4709,4603,4567,4532,4497,0,0.67799997,0.4664,180458.164,38321.97,11
270,"Lindolfo Collor",5229,5474,5555,5637,5718,0,0.71200001,0.3774,121679.179,23270.07,23
271,"Gastão Vidigal",4193,4375,4436,4497,4557,0,0.72299999,0.4300,44135.003,10525.88,26
272,Encanto,5228,5357,5400,5443,5486,0,0.62900001,0.4735,24973.174,4776.81,20
273,Alpercata,7172,7234,7254,7275,7296,0,0.64600003,0.4758,46737.545,6516.67,11
274,"Serra Negra",26362,27115,27366,27618,27869,0,0.76700002,0.4836,361503.042,13713.04,26
275,"Nova Marilândia",2925,3096,3153,3211,3268,0,0.70400000,0.4381,61050.930,20872.11,13
276,"Visconde Do Rio Branco",37952,39558,40094,40629,41164,0,0.70899999,0.4941,579185.568,15261.00,11
277,Ramilândia,4134,4214,4240,4267,4294,0,0.63000000,0.4775,45877.567,11097.62,18
278,Mulungu,11485,12261,12520,12779,13038,0,0.60699999,0.5653,52810.995,4598.26,6
279,Assaré,22448,22918,23074,23231,23388,0,0.60000002,0.5933,87161.319,3882.81,6
280,Muricilândia,3152,3294,3341,3388,3435,0,0.59600002,0.5707,32695.590,10372.97,27
281,"São José Das Missões",2720,2636,2608,2580,2552,0,0.65100002,0.4333,41812.242,15372.15,23
282,Bálsamo,8160,8406,8488,8570,8652,0,0.75599998,0.4387,138743.097,17002.83,26
283,Urânia,8836,8839,8840,8842,8843,0,0.74599999,0.4649,112843.242,12770.85,26
284,"Altamira Do Paraná",4306,3498,3229,2960,2690,0,0.66700000,0.5848,41404.648,9615.57,18
285,"Lavras Da Mangabeira",31096,31064,31053,31043,31032,0,0.61299998,0.5868,120970.199,3890.22,6
286,"Dom Aquino",8131,8045,8016,7988,7959,0,0.69000000,0.5340,196273.243,24138.88,13
287,"Centro Novo Do Maranhão",17622,18542,18849,19156,19463,0,0.51800001,0.5576,107757.341,6114.93,10
288,"Alvorada De Minas",3548,3554,3556,3559,3561,0,0.57200003,0.6221,25530.644,7195.78,11
289,Virgínia,8626,8604,8597,8590,8582,0,0.65100002,0.4741,83030.725,9625.63,11
290,"Centro Do Guilherme",12517,14427,15063,15700,16336,0,0.54200000,0.5694,49450.727,3950.69,10
291,Itambé,5977,5983,5985,5988,5990,0,0.74599999,0.3638,85946.126,14379.48,18
292,"Olímpio Noronha",2533,2619,2647,2676,2705,0,0.67400002,0.4065,23693.187,9353.80,11
293,"Castelo Do Piauí",18338,18338,18338,18338,18337,0,0.58700001,0.4893,81181.971,4426.98,17
294,"Passa Sete",5159,5314,5365,5417,5468,0,0.62199998,0.4523,59564.295,11545.71,23
295,"Padre Bernardo",27689,29542,30159,30777,31394,0,0.65100002,0.5716,186985.654,6753.07,9
296,"Colorado Do Oeste",18602,17615,17286,16957,16628,0,0.68500000,0.5154,226177.095,12158.75,21
297,Mauriti,44217,44762,44944,45126,45308,0,0.60500002,0.5618,176511.546,3991.94,6
298,Aloândia,2044,2019,2010,2002,1994,0,0.69700003,0.4528,18579.713,9089.88,9
299,"Mariano Moro",2210,2131,2104,2078,2052,0,0.73000002,0.4687,27705.671,12536.50,23
300,"São Félix Do Tocantins",1445,1498,1515,1533,1551,0,0.57400000,0.6346,8977.493,6212.80,27
301,Jurema,14494,14720,14795,14871,14946,0,0.50900000,0.5139,64303.974,4436.59,16
302,"Novo Airão",14780,16319,16832,17345,17857,0,0.56999999,0.6037,70209.558,4750.31,3
303,"Vitor Meireles",5208,5115,5084,5053,5021,0,0.67299998,0.5635,75000.757,14401.07,24
304,"Santa Lúcia",3926,3866,3846,3826,3806,0,0.68699998,0.4455,49073.904,12499.72,18
305,Porteiras,15065,14887,14828,14769,14709,0,0.62199998,0.4995,59398.732,3942.83,6
306,"Oscar Bressane",2539,2535,2534,2533,2531,0,0.74900001,0.4496,31531.908,12419.03,26
307,"Zé Doca",50160,51368,51770,52173,52576,0,0.59500003,0.5290,204419.196,4075.34,10
308,Cubatão,118797,121943,122992,124041,125090,0,0.73699999,0.4720,6199085.888,52182.18,26
309,Miranda,25615,26397,26658,26919,27180,0,0.63200003,0.5526,257077.372,10036.20,12
310,Pinhão,5973,6192,6265,6338,6410,0,0.58300000,0.4268,39713.018,6648.76,25
311,"Antônio Carlos",7455,7761,7863,7966,8068,0,0.74900001,0.4333,279568.221,37500.77,24
312,Quixabeira,9548,9573,9581,9589,9597,0,0.57800001,0.5053,34762.768,3640.84,5
313,Brotas,21580,22388,22658,22927,23196,0,0.74000001,0.4204,394279.958,18270.62,26
314,"Sud Mennucci",7440,7463,7470,7478,7485,0,0.74699998,0.5411,199082.410,26758.39,26
315,Britânia,5509,5578,5601,5624,5647,0,0.67199999,0.5573,57606.804,10456.85,9
316,"João Dourado",22359,23377,23716,24055,24394,0,0.59299999,0.5384,119332.817,5337.13,5
317,Banzaê,11811,12008,12073,12139,12204,0,0.57900000,0.4716,43248.086,3661.68,5
318,Alvorada,195718,199243,200418,201593,202768,0,0.69900000,0.4423,1473404.919,7528.20,23
319,"São Miguel De Taipu",6696,6879,6940,7001,7062,0,0.54799998,0.4897,27746.045,4143.67,15
320,Anori,16289,17780,18277,18774,19270,0,0.56099999,0.5984,73106.627,4488.10,3
321,Brejetuba,11921,11991,12015,12038,12061,0,0.65600002,0.4909,133800.929,11223.97,8
322,Paineiras,4631,4552,4525,4499,4473,0,0.66900003,0.4626,47744.244,10309.71,11
323,"São Pedro Da Serra",3317,3459,3507,3554,3601,0,0.73900002,0.4188,35552.753,10718.35,23
324,"Canudos Do Vale",1807,2349,2530,2711,2891,0,0.71300000,0.5385,24999.987,13835.08,23
325,Picuí,18226,18325,18358,18391,18424,0,0.60799998,0.5281,84547.491,4638.84,15
326,"São Miguel Do Tocantins",10490,11091,11292,11492,11692,0,0.62300003,0.5613,48871.911,4658.90,27
327,Orizona,14292,14660,14782,14905,15027,0,0.71499997,0.5127,237262.129,16601.04,9
328,Japaraíba,3950,4093,4141,4189,4236,0,0.72100002,0.3723,46539.290,11782.10,11
329,Iapu,10331,10515,10576,10638,10699,0,0.65399998,0.5244,56146.978,5434.81,11
330,Montividiu,10576,11428,11712,11996,12280,0,0.73299998,0.4812,335479.703,31720.85,9
331,"Santana Do Livramento",82513,80012,79179,78345,77511,0,0.72700000,0.5542,1010021.833,12240.76,23
332,Araputanga,15387,15901,16072,16243,16414,0,0.72500002,0.5172,292545.013,19012.48,13
333,Sabinópolis,15707,15538,15482,15426,15370,0,0.63800001,0.5231,91524.313,5826.98,11
334,"Salvador Do 5",6747,6697,6681,6664,6647,0,0.74000001,0.3760,173227.141,25674.69,23
335,"Guia Lopes Da Laguna",10368,10144,10069,9995,9920,0,0.67500001,0.5826,118095.994,11390.43,12
336,"Palmeira Das Missões",34335,33178,32792,32407,32021,0,0.73699999,0.5304,652249.231,18996.63,23
337,Jacareí,211308,217313,219315,221317,223318,0,0.77700001,0.4993,5661581.711,26793.03,26
338,Bandeirantes,32182,31717,31562,31407,31252,1,0.72700000,0.4929,335624.535,10428.95,18
339,Piumhi,31885,32816,33126,33436,33746,0,0.73699999,0.4741,600920.870,18846.51,11
340,"Jatobá Do Piauí",4637,4734,4766,4799,4831,0,0.56599998,0.4702,23617.842,5093.35,17
341,"São Benedito Do 5",13939,14978,15324,15670,16016,0,0.52999997,0.5283,52051.314,3734.22,16
342,"Jacobina Do Piauí",5719,5728,5731,5734,5736,0,0.53500003,0.5286,24589.237,4299.57,17
343,"Afonso Bezerra",10879,10883,10884,10885,10886,0,0.58499998,0.5224,46855.922,4307.01,20
344,"Porto Mauá",2544,2467,2441,2415,2389,0,0.69800001,0.4213,36315.574,14274.99,23
345,Dobrada,7941,8221,8315,8408,8501,0,0.71799999,0.3872,69566.100,8760.37,26
346,Itanhém,20199,19859,19745,19632,19518,0,0.63700002,0.5424,128648.661,6369.06,5
347,"Porto Murtinho",15369,15985,16190,16396,16601,0,0.66600001,0.6237,255649.571,16634.11,12
348,"Sítio da Abadia",2821,2863,2877,2891,2905,0,0.61699998,0.5670,24157.823,8563.57,9
349,"Salto Grande",8787,8890,8924,8959,8993,0,0.70400000,0.4376,130672.416,14871.11,26
350,Itaiópolis,20315,20684,20807,20930,21052,0,0.70800000,0.5099,385798.944,18990.84,24
351,Varjão,3661,3704,3718,3732,3746,0,0.68699998,0.4731,33471.149,9142.62,9
352,"São Félix",14099,14219,14259,14299,14339,0,0.63900000,0.4921,72963.117,5175.06,5
353,"Ronda Alta",10228,10281,10299,10317,10334,0,0.72399998,0.5422,157138.335,15363.54,23
354,Chapadinha,73281,76869,78065,79261,80456,0,0.60399997,0.6019,331575.374,4524.71,10
355,"Alto Alegre",4105,4058,4043,4027,4011,0,0.69999999,0.3638,58816.239,14327.95,26
356,Cavalcante,9394,9467,9492,9516,9540,0,0.58399999,0.6294,306231.036,32598.58,9
357,Brasília,2562963,2716508,2767690,2818872,2870053,1,0.82400000,0.6370,149906318.900,58489.46,7
358,"Balneário Gaivota",8244,9082,9362,9641,9920,0,0.72799999,0.4750,69692.700,8453.75,24
359,Taipu,11836,11928,11958,11989,12019,0,0.56900001,0.4581,75918.175,6414.17,20
360,"Rio Grande Do Piauí",6429,6518,6548,6578,6608,0,0.57200003,0.5471,24968.137,3883.67,17
361,Tarauacá,35526,38373,39322,40271,41219,0,0.53899997,0.6481,291011.215,8191.50,1
362,"São Domingos Do Cariri",2420,2489,2512,2536,2559,0,0.58899999,0.4803,12310.553,5087.01,15
363,"Paraíso Do 5",7336,7373,7386,7398,7410,0,0.67600000,0.3743,96616.950,13170.25,23
364,"Novo Horizonte Do Oeste",10237,9625,9421,9218,9014,0,0.63400000,0.5214,119091.857,11633.47,21
365,Independência,6618,6411,6342,6273,6204,0,0.69300002,0.4865,118202.471,17860.75,23
366,"São Lourenço Do Oeste",21797,22442,22657,22872,23087,0,0.74900001,0.4706,554895.951,25457.45,24
367,Muribeca,7342,7414,7438,7463,7487,0,0.62599999,0.4923,50314.311,6852.94,25
368,"Barra Do Corda",82692,84056,84510,84965,85419,0,0.60600001,0.6321,493848.663,5972.15,10
369,"São Paulo Do Potengi",15866,16479,16684,16888,17092,0,0.62199998,0.4835,100157.583,6312.72,20
370,Araripina,77363,79303,79949,80596,81242,0,0.60200000,0.5653,413682.269,5347.29,16
371,Pinhalão,6210,6208,6207,6207,6206,0,0.69700003,0.4924,54811.011,8826.25,18
372,Natuba,10566,10567,10568,10568,10568,0,0.54100001,0.5442,47864.351,4530.04,15
373,"Presidente Epitácio",41324,41932,42134,42337,42540,0,0.75000000,0.4855,448253.984,10847.30,26
374,"Balneário Rincão",0,0,0,12018,0,0,0.00000000,0.0000,0.000,0.00,24
375,"Nova Itaberaba",4267,4270,4271,4273,4274,0,0.73600000,0.5448,57043.708,13368.57,24
376,Abreulândia,2387,2446,2466,2486,2506,0,0.66500002,0.7146,19109.189,8005.53,27
377,"Riachão Do Poço",4164,4305,4352,4399,4446,0,0.55500001,0.4975,20828.794,5002.11,15
378,Curvelo,74184,76186,76853,77520,78187,0,0.71300000,0.5213,767201.237,10341.87,11
379,Travesseiro,2314,2304,2300,2297,2293,0,0.70099998,0.3516,45891.924,19832.29,23
380,"Cônego Marinho",7089,7273,7334,7395,7456,0,0.62099999,0.5294,34289.974,4837.07,11
381,Fortim,14851,15687,15965,16244,16522,0,0.62400001,0.5124,78141.370,5261.69,6
382,"Santo Antônio Do Sudoeste",18905,19216,19319,19423,19526,0,0.67100000,0.5244,160830.019,8507.27,18
383,Marialva,31972,32953,33280,33607,33934,0,0.73500001,0.4399,486536.456,15217.58,18
384,Tapiraí,1873,1865,1862,1860,1857,0,0.66700000,0.4552,31601.493,16872.13,11
385,Cascavel,286172,298413,302493,306574,310654,4,0.78200001,0.5206,5190870.022,18138.99,18
386,"Senador Modestino Gonçalves",4574,4389,4328,4266,4204,0,0.62000000,0.4339,30873.805,6749.85,11
387,"Dois Irmãos Das Missões",2157,2095,2074,2053,2032,0,0.67000002,0.5237,55969.467,25947.83,23
388,Itaipé,11798,12112,12217,12322,12426,0,0.55199999,0.4875,59452.636,5039.21,11
389,Colméia,8607,8384,8309,8235,8160,0,0.67100000,0.5059,78086.494,9072.44,27
390,Peixe,10389,10877,11039,11202,11365,0,0.67400002,0.6359,334006.820,32150.05,27
391,Espinosa,31113,31154,31167,31181,31194,0,0.62699997,0.4586,155761.094,5006.30,11
392,"Nova Monte Verde",8088,8466,8592,8719,8845,0,0.69099998,0.5092,155352.948,19207.83,13
393,Agudo,16729,16511,16439,16366,16293,0,0.69400001,0.5226,275105.113,16444.80,23
394,Igarapé-miri,58023,59649,60191,60733,61274,0,0.54699999,0.5343,176825.690,3047.51,14
395,"Engenheiro Paulo De Frontin",13239,13562,13669,13777,13884,0,0.72200000,0.4607,147458.776,11138.21,19
396,Guaraciama,4719,4794,4819,4844,4869,0,0.67699999,0.4206,29481.362,6247.37,11
397,Juti,5900,6176,6268,6360,6451,0,0.62300003,0.5266,87867.012,14892.71,12
398,"Capão Do Leão",24294,24467,24524,24582,24640,0,0.63700002,0.4493,367763.342,15138.03,23
399,Caraguatatuba,100899,107492,109690,111888,114086,1,0.75900000,0.5202,1345632.454,13336.43,26
400,Gurjão,3159,3270,3307,3344,3381,0,0.62500000,0.4618,17061.966,5401.07,15
401,"Areia Branca",25263,26083,26356,26630,26903,0,0.68199998,0.4815,455958.588,18048.47,20
402,Estância,64464,66103,66649,67195,67741,0,0.64700001,0.5383,1029448.958,15969.36,25
403,"Monte Santo Do Tocantins",2085,2150,2171,2193,2215,0,0.62000000,0.4928,20298.187,9735.34,27
404,"Santa Rosa De Lima",3752,3799,3815,3831,3846,0,0.59200001,0.4698,23610.883,6292.88,25
405,Caroebe,8114,8841,9083,9325,9567,0,0.63900000,0.5549,83945.853,10345.80,22
406,Patu,11964,12202,12281,12361,12440,0,0.61799997,0.5253,59389.856,4964.05,20
407,Cascavel,66124,68823,69722,70622,71521,0,0.64600003,0.4893,447136.701,6762.09,6
408,Tabira,26430,27140,27376,27613,27849,0,0.60500002,0.5214,113182.941,4282.37,16
409,"São Mamede",7748,7667,7640,7613,7586,0,0.64099997,0.5267,38551.776,4975.71,15
410,Canguçu,53268,53814,53996,54179,54361,0,0.64999998,0.5034,597312.012,11213.34,23
411,Jaguaripe,16467,17381,17685,17990,18294,0,0.55599999,0.5592,72804.917,4421.26,5
412,Nanuque,40816,40575,40495,40415,40334,0,0.70099998,0.5149,432587.294,10598.47,11
413,Triunfo,15006,14967,14954,14942,14929,0,0.67000002,0.5645,69199.593,4611.46,16
414,Luislândia,6405,6490,6519,6547,6575,0,0.61400002,0.5867,31422.164,4905.88,11
415,Itajobi,14553,14650,14682,14715,14747,0,0.73000002,0.3933,254076.744,17458.72,26
416,Taquarussu,3512,3518,3520,3522,3523,0,0.65100002,0.4476,68237.948,19429.94,12
417,"Boqueirão Do Leão",7673,7627,7612,7597,7582,0,0.69999999,0.4718,91170.096,11881.94,23
418,"Floresta Do Piauí",2482,2502,2508,2515,2522,0,0.53799999,0.5150,10176.328,4100.05,17
419,Tucumã,33651,36154,36988,37822,38656,0,0.65899998,0.5445,305966.779,9092.35,14
420,"Lagoa Dourada",12267,12501,12579,12658,12736,0,0.67600000,0.5345,103175.229,8410.80,11
421,"Salvador Das Missões",2669,2670,2671,2671,2671,0,0.75300002,0.3602,65575.394,24569.27,23
422,"São Lourenço Da Mata",102956,106722,107978,109233,110488,0,0.65300000,0.5173,522070.356,5070.81,16
423,"André Da Rocha",1216,1247,1257,1268,1278,0,0.72000003,0.5069,35180.856,28931.63,23
424,"São Sebastião Da Boa Vista",22890,24458,24980,25503,26026,0,0.55800003,0.5460,71316.692,3115.63,14
425,"Pinheirinho Do Vale",4503,4599,4631,4663,4694,0,0.70999998,0.5742,54873.618,12186.01,23
426,Arataca,10403,10159,10077,9996,9914,0,0.55900002,0.4706,60596.458,5824.90,5
427,Queimadas,24583,24574,24571,24568,24565,0,0.59200001,0.5201,104522.860,4251.84,5
428,Cabedelo,57926,62454,63964,65473,66982,1,0.74800003,0.7047,2460909.570,42483.68,15
429,Capelinha,34796,35866,36222,36579,36935,0,0.65300000,0.5335,239226.377,6875.11,11
430,Pirassununga,70138,71720,72248,72775,73302,0,0.80100000,0.5210,1654023.085,23582.41,26
431,"Nova Maringá",6590,7382,7646,7910,8174,0,0.66299999,0.4962,186278.407,28266.83,13
432,Ibiam,1945,1942,1941,1940,1939,0,0.72500002,0.4723,23270.065,11964.04,24
433,Vicência,30731,31304,31495,31687,31878,0,0.60500002,0.5108,183903.443,5984.30,16
434,"Santa Helena",23425,24305,24599,24892,25185,0,0.74400002,0.5292,353950.870,15109.96,18
435,"Vista Alegre Do Prata",1569,1554,1549,1545,1540,0,0.77999997,0.4407,37062.300,23621.61,23
436,"Santa Helena De Minas",6055,6146,6176,6206,6236,0,0.56699997,0.4983,27577.381,4554.48,11
437,Xapuri,16016,17234,17640,18046,18452,0,0.59899998,0.5900,176831.839,11040.95,1
438,"Sebastião Leal",4116,4200,4228,4257,4285,0,0.56199998,0.5964,67526.953,16405.97,17
439,Araucária,119207,126692,129187,131682,134176,1,0.74000001,0.4637,12371028.210,103777.70,18
440,Itacajá,7104,7191,7220,7249,7277,0,0.61199999,0.5928,57070.182,8033.53,27
441,Suzano,262568,272731,276119,279507,282895,0,0.76499999,0.4910,5759762.168,21936.27,26
442,"Otacílio Costa",16348,17055,17290,17526,17761,0,0.74000001,0.4161,501631.041,30684.55,24
443,"Carmo Do Cajuru",20018,20876,21162,21449,21735,0,0.70999998,0.4463,200256.169,10003.81,11
444,"Balneário Camboriú",108107,118503,121968,125433,128898,1,0.84500003,0.5261,2007577.002,18570.28,24
445,Turvelândia,4399,4662,4749,4837,4924,0,0.69099998,0.4536,193625.879,44015.89,9
446,"Santa Cruz Da Conceição",3998,4138,4185,4232,4278,0,0.79000002,0.6755,70827.359,17715.70,26
447,"Wenceslau Braz",19294,19215,19188,19162,19135,0,0.68699998,0.5186,196864.974,10203.43,18
448,Turilândia,22850,24536,25098,25660,26221,0,0.53600001,0.5218,74046.809,3240.56,10
449,Botuverá,4468,4682,4753,4824,4895,0,0.72399998,0.2855,93897.634,21015.59,24
450,Forquilha,21786,23075,23505,23935,24365,0,0.64399999,0.4714,97765.702,4487.55,6
451,"Barra Do Ouro",4123,4286,4341,4395,4449,0,0.60299999,0.5505,32459.328,7872.75,27
452,"Pedro Régis",5779,6048,6137,6227,6317,0,0.54200000,0.5268,26427.477,4573.02,15
453,"Bom Jesus Do Galho",15376,15137,15057,14978,14898,0,0.62300003,0.5047,89279.680,5806.43,11
454,"Monte Sião",21203,22105,22406,22707,23008,0,0.72399998,0.4478,230487.461,10870.51,11
455,Envira,16328,15508,15235,14962,14689,0,0.50900000,0.6374,94793.970,5805.61,3
456,Diamante,6616,6525,6494,6464,6434,0,0.59299999,0.5640,28313.132,4279.49,15
457,"Caraúbas Do Piauí",5522,5736,5807,5879,5950,0,0.50500000,0.5863,24398.833,4418.48,17
458,"Humberto De Campos",26197,27676,28169,28663,29156,0,0.53500003,0.6312,86634.754,3307.05,10
459,"Barra De Santana",8205,8173,8163,8152,8141,0,0.56699997,0.4981,35667.118,4347.00,15
460,Mirinzal,14213,14575,14696,14817,14938,0,0.62199998,0.5160,40443.340,2845.52,10
461,"Sítio Novo",17007,17575,17764,17954,18143,0,0.56400001,0.5986,72301.072,4251.25,10
462,"São João Da Barra",32767,34293,34801,35310,35818,0,0.67100000,0.5102,3484706.529,106348.05,19
463,Candiota,8776,8989,9060,9132,9203,0,0.69800001,0.5165,322688.066,36769.38,23
464,"Capivari Do 5",3890,4125,4203,4282,4360,0,0.76599997,0.6919,142114.869,36533.39,23
465,"Carmo Da Mata",10927,11085,11138,11191,11243,0,0.68900001,0.4043,97709.406,8942.02,11
466,"Buriti Do Tocantins",9770,10348,10541,10734,10927,0,0.62699997,0.5732,49672.350,5084.17,27
467,"Novo Acordo",3762,3974,4044,4115,4185,0,0.63900000,0.5510,24377.172,6479.84,27
468,Petrolândia,6131,6049,6021,5994,5966,0,0.71600002,0.4786,113540.531,18519.09,24
469,"Água Doce",6960,6995,7007,7019,7030,0,0.69800001,0.5432,196242.942,28195.83,24
470,"Monte Alegre",20670,21209,21388,21568,21748,0,0.60900003,0.5480,106480.786,5151.47,20
471,Altair,3814,3899,3928,3956,3984,0,0.68699998,0.4243,142803.134,37441.83,26
472,Bacabeira,14965,16300,16745,17190,17634,0,0.62900001,0.5571,117822.161,7873.18,10
473,"Érico Cardoso",10855,10464,10333,10203,10072,0,0.58399999,0.4916,38948.037,3588.03,5
474,"Nova Santa Rita",4192,4205,4209,4213,4217,0,0.55400002,0.6312,15358.060,3663.66,17
475,Conceição,18366,18497,18540,18584,18627,0,0.59200001,0.5623,84245.551,4587.04,15
476,Pocrane,8998,8742,8657,8572,8486,0,0.62599999,0.4667,58458.625,6496.85,11
477,"Santa Filomena",6096,6116,6122,6129,6135,0,0.54400003,0.5929,43926.004,7205.71,17
478,"Planalto Da Serra",2726,2680,2664,2649,2633,0,0.65600002,0.4518,34098.972,12508.79,13
479,"São Francisco De Assis Do Piauí",5575,6106,6283,6460,6636,0,0.48500001,0.6039,17762.455,3186.09,17
480,"Barbosa Ferraz",12653,12216,12070,11925,11779,0,0.69599998,0.4910,106074.162,8383.32,18
481,Piranhas,11268,10962,10860,10759,10657,0,0.72100002,0.5011,132480.852,11757.26,9
482,Pitanga,32645,31680,31359,31037,30715,0,0.70200002,0.5279,373747.318,11448.84,18
483,Alexânia,23828,24962,25340,25719,26097,0,0.68199998,0.4817,327834.368,13758.37,9
484,Macaúbas,47067,48645,49171,49698,50224,0,0.60900003,0.5604,170675.433,3626.22,5
485,"São João De Meriti",459356,462320,463308,464296,465284,0,0.71899998,0.4620,4826211.740,10506.47,19
486,Anhembi,5648,5982,6093,6205,6316,0,0.72100002,0.4241,117516.623,20806.77,26
487,Coribe,14301,14047,13962,13878,13793,0,0.60000002,0.5877,78369.925,5480.03,5
488,"Barão De Cotegipe",6529,6410,6370,6330,6290,0,0.71899998,0.4218,117537.613,18002.39,23
489,"Hugo Napoleão",3771,3791,3798,3805,3812,0,0.59899998,0.5491,15853.782,4204.13,17
490,Pedreiras,39481,39377,39342,39308,39273,0,0.68199998,0.6056,265432.691,6723.05,10
491,"Morro Da Garça",2661,2571,2541,2512,2482,0,0.64800000,0.4732,59474.410,22350.40,11
492,"Belém Do Piauí",3284,3541,3626,3712,3797,0,0.55100000,0.5386,11132.646,3389.97,17
493,"Monte Azul Paulista",18931,18744,18682,18620,18558,0,0.75300002,0.4650,380958.333,20123.52,26
494,"Bonfinópolis De Minas",5867,5694,5637,5579,5521,0,0.67799997,0.4784,94701.960,16141.46,11
495,"Conceição Dos Ouros",10388,10826,10972,11118,11263,0,0.70300001,0.3894,129392.140,12455.92,11
496,"Santa Cruz De Minas",7870,8118,8201,8284,8367,0,0.70599997,0.3938,40885.451,5195.10,11
497,Paragominas,97788,104189,106323,108457,110591,0,0.64499998,0.6151,1235378.970,12633.24,14
498,"São Gonçalo",999901,1032536,1043414,1054292,1065170,0,0.73900002,0.4610,10340755.900,10341.78,19
499,Arenápolis,10355,9980,9855,9730,9605,0,0.70400000,0.4742,90983.318,8786.41,13
500,"Santa Adélia",14333,14598,14687,14775,14863,0,0.75999999,0.4369,217445.816,15170.99,26
501,Riozinho,4327,4404,4429,4455,4481,0,0.66100001,0.3892,65870.135,15223.05,23
502,Jaicós,18008,18653,18868,19083,19297,0,0.52399999,0.5306,70343.348,3906.23,17
503,"Nova Lacerda",5469,5896,6039,6181,6323,0,0.63599998,0.5304,105924.055,19368.08,13
504,Simões,14185,14354,14411,14467,14523,0,0.57499999,0.5149,55273.052,3896.58,17
505,Anagé,25500,23832,23276,22720,22164,0,0.54000002,0.4841,88166.024,3457.49,5
506,Imbé,17667,19295,19837,20380,20922,0,0.76400000,0.5934,227212.096,12860.82,23
507,"Córrego Danta",3391,3306,3278,3250,3221,0,0.69199997,0.4815,44850.474,13226.33,11
508,Turiaçu,33956,34756,35023,35290,35556,0,0.56099999,0.5927,124837.270,3676.44,10
509,Miraselva,1858,1827,1817,1807,1796,0,0.74800003,0.3904,19954.548,10739.80,18
510,Alpinópolis,18490,18928,19074,19220,19365,0,0.72500002,0.4700,233509.329,12628.95,11
511,Tigrinhos,1757,1721,1709,1697,1684,0,0.71700001,0.4112,21459.920,12213.96,24
512,"Olho Dágua Do Casado",8491,8921,9064,9207,9350,0,0.52499998,0.5503,33756.377,3975.55,2
513,Caputira,9033,9093,9113,9133,9152,0,0.61500001,0.5718,55092.153,6098.99,11
514,Guiricema,8697,8528,8472,8416,8360,0,0.67400002,0.4220,66448.536,7640.40,11
515,"Álvaro De Carvalho",4650,4812,4866,4921,4975,0,0.68800002,0.3867,40565.463,8723.76,26
516,"Alto Do Rodrigues",12306,13148,13429,13710,13990,0,0.67199999,0.4818,187828.064,15263.13,20
517,Feijó,32311,33988,34547,35106,35664,0,0.53899997,0.6774,264530.671,8187.02,1
518,"Nova Guarita",4929,4712,4640,4568,4496,0,0.68800002,0.5155,55658.812,11292.11,13
519,"5 Brasil",2766,2661,2626,2591,2556,0,0.70700002,0.4532,34085.891,12323.17,24
520,Flórida,2540,2572,2582,2593,2604,0,0.73199999,0.3921,29528.212,11625.28,18
521,"São Pedro Da Cipa",4142,4336,4401,4466,4530,0,0.66000003,0.3922,28867.653,6969.50,13
522,Caracol,5400,5642,5723,5804,5885,0,0.64700001,0.4334,79759.628,14770.30,12
523,Perobal,5648,5755,5791,5827,5862,0,0.71300000,0.4087,79496.433,14075.15,18
524,"Rio Piracicaba",14167,14176,14179,14182,14184,0,0.68500000,0.4661,363763.110,25676.79,11
525,Uruçuí,20152,21094,21408,21723,22037,0,0.63099998,0.5532,443393.174,22002.44,17
526,Palmares,59524,60644,61018,61391,61764,0,0.62199998,0.5175,467167.848,7848.39,16
527,Miraíma,12800,13215,13353,13492,13630,0,0.59200001,0.6448,45389.420,3546.05,6
528,"Três Barras Do Paraná",11824,11825,11825,11825,11825,0,0.68099999,0.5153,164302.470,13895.68,18
529,Balbinos,3932,4718,4980,5242,5503,0,0.66900003,0.3839,25499.950,6485.24,26
530,Araras,118898,123309,124779,126249,127719,1,0.78100002,0.4815,2593933.442,21816.46,26
531,Colorado,22347,22764,22903,23042,23181,0,0.73000002,0.4372,437638.203,19583.76,18
532,Parnaíba,145729,149763,151108,152453,153797,1,0.68699998,0.5772,947088.054,6498.97,17
533,Cachoeirinha,118294,121513,122586,123659,124732,1,0.75700003,0.4495,4363658.445,36888.25,23
534,"Serra Do Mel",10281,10894,11099,11303,11507,0,0.61400002,0.5085,63637.050,6189.77,20
535,"Brejo Alegre",2573,2653,2679,2706,2732,0,0.70999998,0.3982,157107.350,61059.99,26
536,Itambacuri,22797,22836,22849,22862,22874,0,0.63400000,0.5228,149859.720,6573.66,11
537,"Serra Do Ramalho",31646,31360,31264,31169,31074,0,0.59500003,0.5467,168738.759,5332.07,5
538,"Barra Do Turvo",7729,7615,7577,7540,7502,0,0.64099997,0.5043,51438.321,6655.24,26
539,"João Costa",2960,2941,2934,2928,2921,0,0.56099999,0.4910,16611.513,5612.00,17
540,Caieiras,86623,91244,92784,94324,95864,0,0.78100002,0.4801,1893140.901,21854.95,26
541,Cupira,23392,23695,23796,23897,23997,0,0.59200001,0.5069,114991.923,4915.87,16
542,Itapiratins,3534,3611,3637,3663,3688,0,0.60100001,0.5228,36633.186,10365.93,27
543,Jaciara,25666,26227,26414,26601,26788,0,0.73500001,0.5278,401789.106,15654.53,13
544,"São Domingos",11236,11716,11876,12036,12196,0,0.59700000,0.6217,86882.782,7732.54,9
545,Mutuípe,21466,21767,21868,21968,22068,0,0.60100001,0.6423,112509.993,5241.31,5
546,Caapiranga,10909,11541,11751,11962,12173,0,0.56900001,0.5970,60186.622,5517.15,3
547,Borrazópolis,7877,7404,7247,7089,6931,0,0.71700001,0.4394,96637.254,12268.28,18
548,Matelândia,16077,16597,16770,16944,17117,0,0.72500002,0.4644,267767.977,16655.34,18
549,Palmas,42887,45307,46114,46921,47728,0,0.66000003,0.5529,454852.946,10605.85,18
550,"Lagoa Salgada",7565,7792,7868,7944,8019,0,0.58200002,0.5532,37415.627,4945.89,20
551,Barrolândia,5346,5425,5452,5478,5504,0,0.64200002,0.4792,42235.142,7900.33,27
552,Bonito,13630,14775,15156,15538,15920,0,0.54600000,0.5122,46171.708,3387.51,14
553,"Catolé Do Rocha",28766,29404,29616,29829,30041,0,0.63999999,0.5046,162775.932,5658.62,15
554,Itaeté,14932,15210,15302,15395,15488,0,0.57200003,0.5490,65754.708,4403.61,5
555,Sonora,14867,16464,16997,17529,18061,0,0.68099999,0.5147,254374.538,17110.01,12
556,"Bom Retiro",8942,9235,9332,9430,9527,0,0.69900000,0.4710,142165.455,15898.62,24
557,"Almino Afonso",4880,4786,4754,4723,4691,0,0.62400001,0.4935,21464.269,4398.42,20
558,"Nossa Senhora Aparecida",8510,8579,8602,8626,8649,0,0.57700002,0.5539,60457.936,7104.34,25
559,Tonantins,17056,17519,17674,17828,17982,0,0.54799998,0.5448,83201.063,4878.11,3
560,"Mateus Leme",27856,28970,29341,29712,30083,0,0.70400000,0.5137,415328.692,14909.85,11
561,Jaçanã,7925,7999,8024,8049,8074,0,0.60399997,0.4910,35604.923,4492.73,20
562,"Santa Maria Da Boa Vista",39473,40241,40497,40753,41008,0,0.58999997,0.5540,274567.080,6955.82,16
563,Fartura,15324,15418,15450,15481,15512,0,0.73199999,0.4353,207907.865,13567.47,26
564,"Nova Lima",81162,86195,87872,89550,91227,0,0.81300002,0.6914,4163070.616,51293.35,11
565,Canapi,17248,17222,17214,17205,17196,0,0.50599998,0.6032,59515.308,3450.56,2
566,Cataguases,69810,71559,72142,72725,73308,0,0.75099999,0.5120,1045972.402,14983.13,11
567,"Arroio Dos Ratos",13608,13690,13717,13745,13772,0,0.69800001,0.4788,121914.607,8959.04,23
568,"Cocal De Telha",4525,4608,4636,4664,4691,0,0.55500001,0.5224,17832.704,3940.93,17
569,"Lagoa Do Tocantins",3525,3824,3923,4023,4122,0,0.57900000,0.6189,20404.742,5788.58,27
570,Iúna,27340,27708,27831,27954,28077,0,0.66600001,0.5007,232773.061,8514.01,8
571,Aquiraz,72651,76306,77524,78742,79960,0,0.64099997,0.4980,682570.663,9395.20,6
572,Chácara,2792,2919,2961,3003,3045,0,0.66399997,0.4403,22762.590,8152.79,11
573,Apuí,18059,19318,19737,20157,20576,0,0.63700002,0.5753,159913.564,8855.06,3
574,Ararendá,10500,10648,10697,10746,10795,0,0.58999997,0.5392,38906.719,3705.40,6
575,"São Gabriel",60508,59986,59812,59638,59463,0,0.69900000,0.5523,1204858.182,19912.38,23
576,Oliveira,39469,40135,40357,40579,40800,0,0.69900000,0.4580,401175.290,10164.31,11
577,Umburatiba,2700,2648,2631,2614,2597,0,0.63800001,0.4973,20412.810,7560.30,11
578,"Santa Rita De Ibitipoca",3583,3504,3477,3451,3425,0,0.63000000,0.5147,29553.210,8248.17,11
579,"Santo André",2638,2589,2573,2557,2541,0,0.60000002,0.4681,13539.965,5132.66,15
580,"Barro Preto",6453,5808,5593,5379,5164,0,0.60200000,0.4917,32140.639,4980.73,5
581,"Santa Fé",10436,10906,11062,11219,11376,0,0.70499998,0.4182,117263.185,11236.41,18
582,Caicó,62727,64445,65017,65590,66162,0,0.70999998,0.5620,548174.052,8739.04,20
583,Pradópolis,17404,18752,19201,19650,20099,0,0.73299998,0.4638,639840.086,36763.97,26
584,"Ametista Do 5",7323,7296,7287,7278,7268,0,0.68199998,0.5867,67693.349,9243.94,23
585,"São Pedro Da Aldeia",88013,95449,97927,100406,102885,0,0.71200001,0.5165,940787.252,10689.19,19
586,"Rio Rufino",2436,2443,2445,2447,2449,0,0.65300000,0.4389,28824.909,11832.89,24
587,Rodelas,7779,8235,8387,8539,8690,0,0.63200003,0.5558,36464.125,4687.51,5
588,Tuiuti,5935,6229,6327,6425,6522,0,0.72799999,0.3907,68053.480,11466.47,26
589,Ribeira,3358,3313,3298,3284,3269,0,0.69800001,0.4766,23835.991,7098.27,26
590,Pinhalzinho,13104,13739,13951,14163,14375,0,0.72500002,0.4214,133541.845,10190.92,26
591,Barrinha,28503,29792,30221,30651,31081,0,0.72500002,0.4084,326314.479,11448.43,26
592,Ipiaú,44430,44673,44754,44835,44915,0,0.67000002,0.6996,295363.366,6647.84,5
593,Cristais,11301,11836,12014,12193,12371,0,0.69199997,0.5835,120582.174,10670.04,11
594,Tanquinho,8008,8172,8227,8282,8337,0,0.59700000,0.4854,31258.856,3903.45,5
595,Rialma,10516,10608,10638,10669,10700,0,0.72700000,0.4548,169812.441,16148.01,9
596,"Nova Olinda Do 3",30761,32872,33575,34279,34983,0,0.55800003,0.6337,151418.504,4922.42,3
597,"Novo Oriente De Minas",10342,10452,10489,10526,10563,0,0.55500001,0.5621,47136.534,4557.78,11
598,"Mirim Doce",2513,2441,2417,2393,2369,0,0.70800000,0.4218,34414.038,13694.40,24
599,"São Martinho",3211,3192,3186,3180,3173,0,0.74199998,0.3862,48722.702,15173.68,24
600,"São Caetano De Odivelas",16891,17280,17409,17539,17669,0,0.58499998,0.4889,66245.430,3921.94,14
601,Viçosa,25444,25198,25116,25035,24953,0,0.58600003,0.6128,103472.512,4066.68,2
602,Itaberaí,35412,37672,38425,39179,39932,0,0.71899998,0.5588,592911.659,16743.24,9
603,"Pastos Bons",18079,18865,19127,19389,19650,0,0.61000001,0.5634,62015.191,3430.23,10
604,"Ibitiúra De Minas",3406,3438,3448,3459,3469,0,0.67400002,0.4059,34423.603,10106.75,11
605,Doverlândia,7892,7692,7626,7559,7492,0,0.66799998,0.4623,114209.565,14471.56,9
606,Matinhas,4316,4385,4408,4431,4454,0,0.54100001,0.4411,23243.572,5385.44,15
607,Canela,39238,40922,41483,42045,42606,0,0.74800003,0.4861,432952.435,11034.01,23
608,"Antonina Do 3",6984,7127,7174,7222,7269,0,0.59899998,0.5134,28343.039,4058.28,6
609,Nepomuceno,25721,25991,26081,26171,26260,0,0.66700000,0.4488,270287.261,10508.43,11
610,Piripá,12789,11787,11453,11120,10786,0,0.57499999,0.4957,42906.448,3354.95,5
611,Juruti,47123,51901,53493,55086,56678,0,0.59200001,0.6030,563174.199,11951.15,14
612,"Rio Quente",3311,3675,3797,3918,4039,0,0.73100001,0.4692,55958.037,16900.65,9
613,"Teixeira Soares",10277,10903,11111,11320,11528,0,0.67100000,0.5156,106097.750,10323.81,18
614,Sapucaia,17504,17608,17643,17678,17712,0,0.67500001,0.5110,403509.369,23052.41,19
615,Ouro,7371,7357,7352,7347,7342,0,0.77399999,0.4549,77244.833,10479.56,24
616,"Campina Do Monte Alegre",5567,5674,5710,5746,5782,0,0.71700001,0.4945,91398.606,16417.93,26
617,"Campo Grande",9032,9001,8991,8981,8971,0,0.52399999,0.5815,33803.764,3742.67,2
618,Prata,3854,3983,4026,4069,4111,0,0.60799998,0.4389,19344.245,5019.26,15
619,"Nossa Senhora Do Socorro",160829,169574,172489,175404,178319,0,0.66399997,0.4980,1804869.393,11222.29,25
620,"Alfredo Chaves",13960,14063,14098,14132,14166,0,0.70999998,0.4925,160055.677,11465.31,8
621,Caturaí,4670,4772,4806,4840,4874,0,0.66399997,0.4418,41968.881,8986.91,9
622,Cajuri,4047,4004,3990,3976,3961,0,0.61699998,0.4354,37331.538,9224.50,11
623,Herval,6757,6238,6065,5892,5719,0,0.68699998,0.7019,77599.496,11484.31,23
624,Narandiba,4289,4453,4507,4562,4617,0,0.71799999,0.3732,370006.925,86268.81,26
625,"Icaraí De Minas",10737,11164,11306,11448,11590,0,0.62400001,0.5059,49806.514,4638.77,11
626,Mirassol,53809,55454,56002,56550,57098,0,0.76200002,0.4659,942084.369,17507.93,26
627,"Bonito De Minas",9671,10213,10394,10575,10756,0,0.53700000,0.5708,38022.196,3931.57,11
628,"Boca Da Mata",25780,26246,26401,26557,26712,0,0.60399997,0.5251,164059.473,6363.83,2
629,Tapiratiba,12743,12683,12663,12644,12624,0,0.75099999,0.4057,185863.366,14585.53,26
630,"Nova Brasilândia Doeste",19845,20678,20956,21234,21512,0,0.64300001,0.5688,194312.466,9791.51,21
631,"São Miguel Do Araguaia",22294,22144,22094,22045,21995,0,0.66399997,0.5067,254223.862,11403.24,9
632,Crucilândia,4749,4831,4858,4885,4912,0,0.65100002,0.4349,36313.768,7646.61,11
633,Sabáudia,6095,6300,6368,6436,6504,0,0.74000001,0.4166,120887.190,19833.83,18
634,"Cândido Mendes",18505,19087,19281,19475,19668,0,0.56099999,0.5839,79362.226,4288.69,10
635,"Bela Vista Da Caroba",3939,3770,3713,3657,3601,0,0.68099999,0.5072,39147.678,9938.48,18
636,Candelária,30176,30353,30412,30472,30531,0,0.67400002,0.4707,393200.780,13030.25,23
637,Catuti,5102,5032,5008,4985,4961,0,0.62099999,0.5054,25522.615,5002.47,11
638,"Campina Grande",385276,394260,397254,400249,403243,3,0.72000003,0.5859,4336824.388,11256.41,15
639,Ibicuitinga,11335,11905,12095,12285,12475,0,0.60600001,0.5289,45344.905,4000.43,6
640,"Santa Tereza",1717,1702,1697,1692,1686,0,0.74599999,0.3960,27027.524,15741.13,23
641,"Rochedo De Minas",2116,2179,2200,2221,2241,0,0.68400002,0.3875,18011.284,8511.95,11
642,Progresso,6161,6060,6027,5993,5959,0,0.68300003,0.4021,82955.665,13464.64,23
643,Jussari,6467,6140,6031,5923,5814,0,0.56699997,0.5263,34923.558,5400.27,5
644,Tocantínia,6598,6841,6922,7003,7084,0,0.58899999,0.6310,32134.485,4870.34,27
645,"Massapê Do Piauí",6222,6292,6316,6339,6362,0,0.52499998,0.5133,19826.408,3186.50,17
646,"Lima Duarte",16166,16303,16349,16395,16441,0,0.70999998,0.5921,140002.391,8660.30,11
647,Guapirama,3886,3831,3813,3795,3777,0,0.70200002,0.4657,51765.956,13321.14,18
648,Votuporanga,84728,87454,88363,89272,90180,1,0.79000002,0.4991,1341796.645,15836.52,26
649,Caaporã,20363,20940,21132,21324,21516,0,0.60200000,0.4895,333746.165,16389.83,15
650,Botumirim,6497,6396,6362,6329,6295,0,0.60200000,0.4629,34368.310,5289.87,11
651,"Bela Vista Do Piauí",3778,4023,4104,4186,4267,0,0.57599998,0.5956,14378.359,3805.81,17
652,"Candeias Do Jamari",19782,21785,22452,23120,23787,0,0.64899999,0.4762,262614.916,13275.45,21
653,Maravilha,10276,9253,8912,8571,8229,0,0.56900001,0.5798,38372.859,3734.22,2
654,"Santa Luzia",203184,208668,210496,212325,214153,0,0.71499997,0.4495,2099190.626,10331.48,11
655,Jucati,10604,10877,10968,11059,11149,0,0.55000001,0.5123,51840.128,4888.73,16
656,"Mirassol Doeste",25331,26031,26265,26498,26731,0,0.70400000,0.5562,395174.429,15600.43,13
657,"São Sebastião Do Umbuzeiro",3239,3343,3377,3412,3446,0,0.58099997,0.4681,15781.993,4872.49,15
658,Aragoiânia,8375,8960,9155,9351,9546,0,0.68400002,0.4724,48642.442,5808.05,9
659,Ananás,9873,9681,9617,9554,9490,0,0.67100000,0.4849,67576.876,6844.61,27
660,"São Francisco De Paula",6487,6473,6469,6464,6459,0,0.66000003,0.3891,58032.596,8945.98,11
661,"São José Do Hortêncio",4094,4306,4377,4448,4518,0,0.70700002,0.2841,75554.468,18454.93,23
662,Macambira,6411,6594,6655,6716,6776,0,0.58300000,0.4323,34701.845,5412.86,25
663,Umbaúba,22660,23694,24038,24383,24728,0,0.57900000,0.4664,146901.548,6482.86,25
664,Jaú,131068,136757,138654,140550,142446,0,0.77800000,0.4638,2050436.702,15644.07,26
665,"Lagoa Do Barro Do Piauí",4523,4545,4552,4560,4567,0,0.50199997,0.5974,17673.322,3907.43,17
666,"Claro Dos Poções",7781,7657,7616,7575,7534,0,0.67000002,0.4279,59904.930,7698.87,11
667,Piacatu,5287,5486,5552,5618,5684,0,0.73199999,0.4064,64263.487,12155.00,26
668,"Nova Cruz",35541,36053,36224,36395,36565,0,0.62900001,0.5270,209729.735,5901.06,20
669,Tartarugalzinho,12435,14029,14561,15092,15623,0,0.59200001,0.6658,122823.590,9877.25,4
670,Ibirataia,18946,17208,16628,16049,15469,0,0.57599998,0.4989,118277.667,6242.88,5
671,Gurupá,29060,30849,31445,32041,32637,0,0.50900000,0.5680,93238.936,3208.50,14
672,Viana,64999,68463,69618,70773,71927,0,0.68599999,0.4502,977669.021,15041.29,8
673,"Capão Do Cipó",3107,4039,4350,4661,4971,0,0.67199999,0.5292,114150.487,36739.78,23
674,Urutaí,3058,3044,3040,3035,3030,0,0.73199999,0.4951,43296.905,14158.57,9
675,"Cacique Doble",4865,4894,4903,4913,4922,0,0.66200000,0.5139,64001.508,13155.50,23
676,"Augusto Severo",9289,9369,9395,9422,9448,0,0.62099999,0.6815,45247.810,4871.12,20
677,Treviso,3527,3642,3680,3719,3757,0,0.77399999,0.3475,185749.505,52665.01,24
678,"Nova Boa Vista",1960,1881,1855,1829,1803,0,0.76800001,0.4040,36606.082,18676.57,23
679,Buritirana,14770,15054,15149,15244,15339,0,0.58300000,0.5059,52033.109,3522.89,10
680,Careiro,32631,34154,34662,35170,35677,0,0.55699998,0.6668,162775.737,4988.38,3
681,"Santa Bárbara De Goiás",5751,5987,6066,6145,6224,0,0.70599997,0.3926,53491.460,9301.25,9
682,Frecheirinha,12991,13339,13455,13571,13686,0,0.60399997,0.5283,63193.413,4864.40,6
683,"São João Da Ponte",25362,25162,25096,25029,24962,0,0.56900001,0.4828,119088.676,4695.56,11
684,Maribondo,13614,13155,13002,12849,12695,0,0.59700000,0.4927,61216.292,4496.57,2
685,"Novo Itacolomi",2827,2815,2811,2808,2804,0,0.70999998,0.3819,27375.378,9683.54,18
686,Curvelândia,4898,6367,6857,7347,7837,0,0.69000000,0.4718,43147.417,8809.19,13
687,"Nova Santa Bárbara",3911,4001,4031,4061,4091,0,0.68000001,0.5065,42699.256,10917.73,18
688,Cordeiro,20403,20944,21124,21304,21484,0,0.72899997,0.4826,210956.403,10339.48,19
689,"Borda Da Mata",17129,17936,18205,18474,18743,0,0.73000002,0.4633,149177.369,8709.05,11
690,"Wenceslau Braz",2553,2540,2536,2532,2527,0,0.67799997,0.4360,17645.872,6911.82,11
691,Viseu,56681,58358,58917,59477,60036,0,0.51499999,0.6308,186309.162,3286.98,14
692,Itamogi,10349,10237,10199,10162,10125,0,0.67400002,0.4161,127723.794,12341.66,11
693,Ji-paraná,116587,119523,120502,121481,122459,1,0.71399999,0.5449,1686400.049,14464.73,21
694,"Mâncio Lima",15246,16491,16906,17322,17737,0,0.62500000,0.6102,123659.236,8110.93,1
695,Mocajuba,26745,28606,29226,29847,30467,0,0.57499999,0.5921,94066.672,3517.17,14
696,"Campos Gerais",27623,27948,28056,28164,28272,0,0.68199998,0.4514,331410.912,11997.64,11
697,"Vicente Dutra",5285,5032,4948,4864,4779,0,0.63800001,0.5218,57945.872,10964.21,23
698,"Novo Horizonte",2750,2645,2610,2575,2539,0,0.70599997,0.3947,60851.339,22127.76,24
699,Serranos,1996,1974,1966,1959,1951,0,0.64300001,0.5075,17240.871,8637.71,11
700,"Peixoto De Azevedo",30762,32144,32604,33065,33526,0,0.64899999,0.6801,274177.137,8912.85,13
701,Baldim,7917,7846,7822,7798,7774,0,0.67100000,0.4635,67481.582,8523.63,11
702,Imaruí,11672,11152,10979,10806,10633,0,0.66700000,0.4662,131244.735,11244.41,24
703,"Santa Isabel",3680,3706,3715,3724,3733,0,0.68300003,0.3979,44489.956,12089.66,9
704,"Novo Xingu",1757,2284,2460,2636,2811,0,0.76700002,0.4142,24525.791,13958.90,23
705,"Lagoa Santa",52526,56922,58388,59853,61318,0,0.77700001,0.5874,846448.253,16114.84,11
706,"Pedro Ii",37500,37890,38020,38150,38279,0,0.57099998,0.5885,138413.282,3691.02,17
707,Caconde,18536,18583,18599,18615,18631,0,0.72000003,0.5006,223058.496,12033.80,26
708,"Santo Antônio Do Planalto",1987,1983,1981,1980,1979,0,0.75900000,0.4336,48700.845,24509.74,23
709,"Brotas De Macaúbas",10718,10033,9804,9576,9347,0,0.56999999,0.5699,48733.524,4546.89,5
710,"Vila Valério",13830,13817,13812,13808,13803,0,0.67500001,0.5220,194295.689,14048.86,8
711,Borborema,5111,5225,5263,5302,5340,0,0.55800003,0.5088,30826.752,6031.45,15
712,Luzinópolis,2622,2802,2862,2923,2983,0,0.63900000,0.4964,18588.218,7089.33,27
713,Maiquinique,8782,9219,9364,9510,9656,0,0.57599998,0.4703,57172.686,6510.21,5
714,"Coelho Neto",46792,48165,48623,49081,49539,0,0.56400001,0.5525,192568.420,4115.41,10
715,Camocim,60163,61578,62049,62521,62992,0,0.62000000,0.5712,318396.353,5292.23,6
716,Lorena,82553,83922,84378,84835,85291,1,0.76599997,0.5310,1341398.315,16248.93,26
717,Pancas,21520,21855,21967,22079,22191,0,0.66700000,0.5040,140919.054,6548.28,8
718,"Senador José Porfírio",12998,12181,11909,11637,11364,0,0.51400000,0.5661,53292.502,4100.05,14
719,Araci,51636,52852,53257,53662,54067,0,0.53399998,0.5667,197733.322,3829.37,5
720,Pontalina,17112,17279,17334,17390,17446,0,0.68699998,0.5491,184775.489,10798.01,9
721,Cláudio,25777,26754,27079,27405,27730,0,0.70899999,0.4053,310166.308,12032.68,11
722,"Campo Limpo De Goiás",6270,8151,8778,9405,10032,0,0.66100001,0.4266,41364.730,6597.25,9
723,Goianira,34061,38664,40198,41732,43266,0,0.69400001,0.4090,253840.797,7452.54,9
724,Canavieira,3922,3864,3845,3826,3807,0,0.58300000,0.5201,16350.854,4169.01,17
725,Crateús,72853,73440,73635,73831,74026,0,0.64399999,0.6094,384605.921,5279.20,6
726,"Pedro Avelino",7168,6917,6833,6749,6665,0,0.58300000,0.5196,37689.829,5258.07,20
727,Laranjal,6361,6133,6057,5981,5905,0,0.58499998,0.4878,50390.148,7921.73,18
728,"Areia De Baraúnas",1927,1874,1856,1839,1821,0,0.56199998,0.4622,9610.600,4987.34,15
729,"Dirceu Arcoverde",6677,6860,6921,6983,7044,0,0.56099999,0.5265,22325.690,3343.67,17
730,Ninheira,9795,9927,9971,10015,10058,0,0.55599999,0.5275,47088.489,4807.40,11
731,Goiás,24745,24033,23795,23558,23320,1,0.70899999,0.5309,243159.085,9826.59,9
732,"Picada Café",5182,5335,5386,5437,5487,0,0.75800002,0.3238,178092.299,34367.48,23
733,"Virgem Da Lapa",13625,13611,13606,13602,13597,0,0.61000001,0.4999,61328.180,4501.15,11
734,"Frei Lagonegro",3329,3370,3384,3398,3412,0,0.54299998,0.5062,17204.499,5168.07,11
735,"São Bernardo",26480,27608,27984,28360,28736,0,0.57200003,0.5939,93877.367,3545.22,10
736,Cacaulândia,5727,5834,5869,5905,5940,0,0.64600003,0.5579,118333.708,20662.43,21
737,"Presidente Dutra",13756,13764,13766,13769,13772,0,0.61400002,0.5526,56331.628,4095.06,5
738,Cáceres,87912,88529,88734,88940,89145,1,0.70800000,0.5420,930296.284,10582.13,13
739,"São Paulo",11244369,11487404,11568416,11649428,11730439,22,0.80500001,0.6453,443600101.700,39450.87,26
740,"Jaraguá Do 5",143206,153621,157093,160565,164036,0,0.80299997,0.4339,5259384.341,36726.01,24
741,Manhumirim,21366,21768,21902,22037,22171,0,0.69700003,0.4914,278448.285,13032.31,11
742,"Felício Dos Santos",5137,4959,4900,4841,4782,0,0.60600001,0.4627,26732.892,5203.99,11
743,"Limeira Do Oeste",6890,7106,7178,7250,7322,0,0.70999998,0.4704,190092.810,27589.67,11
744,"Baixo Guandu",29086,29466,29593,29720,29846,0,0.70200002,0.4909,277652.135,9545.90,8
745,"Novo Hamburgo",239051,239908,240194,240480,240766,1,0.74699998,0.5387,5395052.875,22568.63,23
746,Boituva,48323,52510,53905,55301,56696,0,0.77999997,0.4937,1309447.847,27097.82,26
747,Juramento,4110,4173,4194,4215,4235,0,0.66900003,0.4324,32767.020,7972.51,11
748,Moema,7028,7183,7234,7286,7337,0,0.72100002,0.3857,51945.226,7391.18,11
749,"Campo Alegre",11748,11782,11794,11805,11816,0,0.71399999,0.4126,197659.428,16824.94,24
750,Calumbi,5651,5223,5080,4937,4794,0,0.57099998,0.5433,24666.505,4364.98,16
751,Maracanaú,209748,218753,221754,224756,227758,0,0.68599999,0.4423,4100335.632,19548.87,6
752,"Olho Dágua Das Cunhãs",18505,19743,20156,20569,20982,0,0.58899999,0.5425,76762.512,4148.20,10
753,"Sentinela Do 5",5197,5289,5319,5350,5380,0,0.67100000,0.4829,54451.691,10477.52,23
754,Juripiranga,10240,10418,10477,10537,10596,0,0.54799998,0.5403,54178.099,5290.83,15
755,"Águas De Chapecó",6109,6207,6240,6273,6305,0,0.71300000,0.4524,126858.433,20765.83,24
756,"Nova Granada",19178,19825,20041,20257,20473,0,0.73900002,0.4487,230713.654,12030.12,26
757,Serranópolis,7477,7786,7889,7992,8095,0,0.68099999,0.4908,195873.885,26196.86,9
758,"Luís Correia",28422,29673,30090,30507,30923,0,0.54100001,0.5942,125722.829,4423.43,17
759,"Santa Efigênia De Minas",4610,4516,4484,4453,4422,0,0.60699999,0.4866,22557.917,4893.26,11
760,Carneiros,8290,8802,8972,9143,9313,0,0.52600002,0.5463,27485.367,3315.48,2
761,"Ribeiro Gonçalves",6841,7177,7289,7401,7512,0,0.60100001,0.5975,53802.264,7864.68,17
762,Imbuia,5709,5848,5894,5941,5987,0,0.71300000,0.4922,98720.976,17292.17,24
763,Tiros,6906,6707,6640,6574,6507,0,0.68300003,0.5427,120814.957,17494.20,11
764,"Nova Bréscia",3184,2770,2632,2494,2356,0,0.77800000,0.5781,66171.408,20782.48,23
765,"Santa Cruz De Monte Castelo",8093,7948,7899,7851,7802,0,0.70999998,0.3819,99091.682,12244.12,18
766,Relvado,2155,2113,2099,2086,2072,0,0.73100001,0.4491,35256.262,16360.21,23
767,"Laranjal Paulista",25246,26176,26486,26797,27107,0,0.72899997,0.4197,462009.590,18300.31,26
768,Porto,11897,12294,12427,12559,12691,0,0.54900002,0.5672,38436.360,3230.76,17
769,Aracaju,570937,603758,614698,625639,636579,3,0.76999998,0.6341,8751493.737,15328.30,25
770,"Nova Veneza",8129,8644,8815,8987,9158,0,0.71799999,0.4343,85803.098,10555.18,9
771,Caetés,26577,27309,27553,27797,28041,0,0.52200001,0.6031,105518.000,3970.28,16
772,"Tabocas Do Brejo Velho",11428,11071,10952,10833,10713,0,0.58399999,0.5410,51393.363,4497.14,5
773,"Monte Alegre Do 5",7148,7396,7479,7562,7644,0,0.75900000,0.4774,129293.422,18088.06,26
774,Tuntum,39257,40411,40795,41180,41565,0,0.57200003,0.5713,152249.690,3878.28,10
775,Jacaraú,13952,13903,13886,13870,13853,0,0.55800003,0.5499,65351.729,4684.04,15
776,Aramina,5150,5266,5305,5344,5382,0,0.74000001,0.4301,79887.218,15512.08,26
777,Caxingó,5039,5307,5396,5485,5574,0,0.48800001,0.5264,22754.247,4515.63,17
778,Anahy,2865,2821,2807,2792,2777,0,0.69499999,0.4353,42455.128,14818.54,18
779,Lagoinha,4840,4805,4793,4782,4770,0,0.69300002,0.4855,51478.335,10636.02,26
780,Jequitinhonha,24179,24562,24690,24818,24945,0,0.61500001,0.5509,128564.450,5317.19,11
781,"Água Fria De Goiás",5095,5283,5345,5408,5471,0,0.67100000,0.6123,130833.509,25678.80,9
782,Embaúba,2423,2407,2401,2396,2390,0,0.73000002,0.3658,42292.742,17454.70,26
783,Dourados,196068,205404,208516,211628,214739,1,0.74699998,0.5311,3543857.562,18074.64,12
784,Jequitibá,5153,5148,5146,5144,5142,0,0.68900001,0.7832,59578.537,11561.91,11
785,Ataléia,14451,13762,13533,13303,13073,0,0.58800000,0.4920,90375.720,6253.94,11
786,"São José Do Cedro",13672,13670,13670,13669,13668,0,0.73100001,0.4820,266598.736,19499.61,24
787,Arcoverde,69157,71424,72180,72936,73691,0,0.66700000,0.5970,415858.390,6013.25,16
788,"Campo Redondo",10266,10586,10692,10799,10905,0,0.62599999,0.5644,45819.195,4463.20,20
789,Anchieta,6378,6152,6076,6001,5925,0,0.69900000,0.4369,93748.342,14698.71,24
790,Xambrê,6011,5864,5815,5767,5718,0,0.70599997,0.4879,50435.905,8390.60,18
791,Ipatinga,239177,247181,249849,252518,255186,2,0.77100003,0.5236,7391668.849,30904.60,11
792,Mirante,10512,9566,9250,8935,8620,0,0.52700001,0.5217,34945.020,3324.30,5
793,Alterosa,13714,13935,14009,14083,14157,0,0.66799998,0.4527,120865.873,8813.32,11
794,Ipê,6017,6185,6241,6298,6354,0,0.72799999,0.4708,118146.730,19635.49,23
795,Segredo,7158,7232,7257,7282,7306,0,0.65899998,0.4938,83993.766,11734.25,23
796,"Vila Flores",3207,3243,3255,3268,3280,0,0.74199998,0.3253,87860.941,27396.61,23
797,"Água Doce Do 3",11771,11477,11379,11281,11183,0,0.65200001,0.4892,85601.245,7272.22,8
798,"Mata Roma",15123,16120,16453,16785,17117,0,0.56999999,0.5793,61918.162,4094.30,10
799,"Coração De Maria",22431,22015,21876,21738,21599,0,0.59200001,0.5293,115074.261,5130.14,5
800,Rolândia,57870,60408,61254,62100,62946,0,0.73900002,0.4622,1278967.631,22100.70,18
801,Rolante,19493,19986,20150,20314,20478,0,0.68800002,0.3518,269630.792,13832.19,23
802,"Flor Da Serra Do 5",4725,4625,4591,4558,4525,0,0.68199998,0.4617,66204.948,14011.63,18
803,"Colônia Do Gurguéia",6035,6342,6444,6547,6649,0,0.62800002,0.4964,24186.442,4007.70,17
804,Siriri,8006,8334,8443,8552,8661,0,0.60900003,0.4790,100747.115,12583.95,25
805,"Santa Cruz dos Milagres",3794,3932,3978,4024,4070,0,0.57700002,0.4455,15892.159,4188.76,17
806,"Dias Dávila",66373,72685,74789,76893,78997,0,0.67600000,0.5337,2172582.522,32732.93,5
807,Cruzália,2270,2168,2134,2100,2066,0,0.77399999,0.4393,66304.119,29208.86,26
808,"Pará De Minas",84252,87626,88750,89875,90999,0,0.72500002,0.4348,1651741.737,19604.78,11
809,"Ribeirão Das Neves",296376,311235,316188,321141,326094,0,0.68400002,0.4080,1926219.220,6499.24,11
810,"Bias Fortes",3796,3617,3558,3498,3438,0,0.62000000,0.4184,26889.372,7083.61,11
811,Vieirópolis,5045,5157,5194,5232,5269,0,0.57099998,0.4526,19721.659,3909.15,15
812,Videira,47204,48889,49450,50012,50573,1,0.76400000,0.4776,1402977.617,29721.58,24
813,Piatã,17985,17687,17588,17489,17390,0,0.57099998,0.5569,65997.461,3669.58,5
814,Macaparana,23907,24331,24472,24614,24755,0,0.60900003,0.5139,118798.925,4969.21,16
815,"Milagres Do Maranhão",8118,9009,9306,9603,9899,0,0.52700001,0.5357,33651.515,4145.30,10
816,"Lençóis Paulista",61454,63378,64019,64660,65301,0,0.76400000,0.4426,2126645.351,34605.48,26
817,Xaxim,25697,26549,26833,27117,27401,0,0.75199997,0.4452,554906.025,21594.19,24
818,Flexeiras,12339,12447,12483,12519,12555,0,0.52700001,0.4796,51401.776,4165.80,2
819,Perdigão,8912,9874,10194,10515,10835,0,0.70300001,0.3521,74511.504,8360.81,11
820,Fraiburgo,34555,35037,35198,35359,35519,0,0.73100001,0.4972,567937.014,16435.74,24
821,"Santa Mariana",12437,12127,12024,11921,11817,0,0.69999999,0.4377,153539.556,12345.39,18
822,"Nova Olímpia",5506,5574,5596,5619,5642,0,0.70999998,0.3991,43549.222,7909.41,18
823,"Campo Largo",112486,118397,120368,122338,124308,0,0.74500000,0.4535,1640607.221,14584.99,18
824,Cajati,28371,28114,28029,27943,27857,0,0.69400001,0.4837,524593.122,18490.47,26
825,Mataraca,7404,7975,8166,8356,8546,0,0.53600001,0.5010,64288.129,8682.89,15
826,Cumari,2961,2918,2903,2889,2875,0,0.73699999,0.5869,47195.470,15939.03,9
827,Passira,28664,28524,28477,28430,28383,0,0.59200001,0.5137,128226.442,4473.43,16
828,"Santana Do Seridó",2526,2571,2586,2601,2615,0,0.64200002,0.4068,17293.250,6846.10,20
829,"Antônio Prado",12837,12813,12805,12797,12788,0,0.75800002,0.4164,282715.033,22023.45,23
830,"Cajueiro Da Praia",7163,7475,7579,7684,7788,0,0.54600000,0.6448,27556.957,3847.13,17
831,Estação,6011,5946,5924,5903,5881,0,0.75300002,0.4633,119074.136,19809.37,23
832,Ibitiara,15519,15842,15949,16057,16165,0,0.58499998,0.5540,56916.851,3667.56,5
833,Inhangapi,10064,10779,11017,11256,11494,0,0.57200003,0.5257,36331.497,3610.05,14
834,Arapeí,2492,2454,2442,2429,2416,0,0.68000001,0.3981,29832.337,11971.24,26
835,"Major Gercino",3279,3320,3333,3347,3361,0,0.69800001,0.5299,35638.117,10868.59,24
836,"Rio Grande Da Serra",44084,46182,46881,47581,48280,0,0.74900001,0.4048,487295.330,11053.79,26
837,"Serra Azul",11259,12403,12784,13166,13547,0,0.68599999,0.4573,82008.123,7283.78,26
838,Marcolândia,7810,8300,8463,8626,8789,0,0.56199998,0.4891,30049.214,3847.53,17
839,"Palestina De Goiás",3382,3405,3412,3420,3427,0,0.71300000,0.3851,42113.812,12452.34,9
840,"Mar Vermelho",3652,3524,3482,3439,3396,0,0.57700002,0.4801,16103.986,4409.63,2
841,Guiratinga,13867,14234,14356,14478,14600,0,0.70499998,0.4971,198211.990,14293.79,13
842,"Nova Resende",15373,15819,15967,16116,16265,0,0.67100000,0.4655,222385.206,14465.96,11
843,Condeúba,16888,16540,16424,16309,16193,0,0.58200002,0.4975,72516.782,4293.98,5
844,Camamu,35160,35610,35760,35910,36059,0,0.56500000,0.5484,182614.075,5193.80,5
845,Paraná,3952,4048,4080,4112,4143,0,0.58899999,0.4992,18859.117,4772.04,20
846,"São Bernardino",2679,2541,2495,2449,2402,0,0.67699999,0.4591,42684.008,15932.81,24
847,Seabra,41815,42533,42772,43012,43251,0,0.63499999,0.5803,241733.179,5781.02,5
848,"Rio Preto",5292,5337,5352,5367,5382,0,0.67900002,0.5295,37920.052,7165.54,11
849,Itapeva,8673,9067,9198,9329,9460,0,0.72000003,0.4851,119825.983,13815.98,11
850,Coluna,9024,8921,8886,8852,8817,0,0.58300000,0.5078,44893.112,4974.86,11
851,"Santa Cruz Do Escalvado",4996,4881,4843,4805,4767,0,0.62500000,0.4597,36872.167,7380.34,11
852,"São Geraldo Do Baixio",3487,3674,3736,3799,3861,0,0.63000000,0.4981,24954.681,7156.49,11
853,Pitimbu,17032,17964,18274,18585,18895,0,0.56999999,0.5106,94411.449,5543.18,15
854,"Santa Quitéria",42759,42874,42913,42951,42989,0,0.61600000,0.5679,222221.096,5197.06,6
855,Xangri-lá,12405,13667,14088,14509,14930,0,0.73500001,0.4355,187227.146,15092.88,23
856,"São Pedro Do Paraná",2494,2421,2396,2372,2348,0,0.70400000,0.4038,33799.945,13552.50,18
857,Palmeira,2376,2449,2473,2498,2522,0,0.67100000,0.4380,57819.512,24334.81,24
858,Ibicaré,3373,3309,3287,3266,3245,0,0.70800000,0.4371,47902.941,14201.88,24
859,Araxá,93683,98089,99557,101026,102495,1,0.77200001,0.4844,2947025.456,31457.42,11
860,"Jacaré Dos Homens",5413,5321,5290,5260,5229,0,0.58300000,0.5015,31849.827,5883.95,2
861,"Getúlio Vargas",16156,16050,16015,15980,15944,0,0.74599999,0.4470,272654.030,16876.33,23
862,"Nova Luzitânia",3441,3649,3718,3787,3856,0,0.74299997,0.3652,33685.471,9789.44,26
863,Itapeva,87765,89235,89725,90215,90704,1,0.73199999,0.5393,1214679.465,13840.14,26
864,"Vale Real",5121,5355,5433,5512,5590,0,0.73699999,0.2947,57753.233,11277.73,23
865,Macururé,8067,7904,7849,7795,7740,0,0.60399997,0.5467,28472.026,3529.44,5
866,"Vera Mendes",2987,3011,3019,3027,3035,0,0.50300002,0.5815,12900.009,4318.72,17
867,Ângulo,2861,2867,2869,2872,2874,0,0.72100002,0.4445,39181.233,13694.94,18
868,"Três Cachoeiras",10239,10454,10525,10597,10669,0,0.71799999,0.3947,125689.883,12275.60,23
869,"Santa Maria Do Pará",23033,23688,23906,24125,24343,0,0.59799999,0.5313,107237.493,4655.82,14
870,Aveiro,15767,15842,15867,15892,15916,0,0.54100001,0.6049,52850.776,3351.99,14
871,Uruçuca,19840,19695,19647,19599,19550,0,0.61600000,0.4949,97992.123,4939.12,5
872,Queluz,11325,11989,12210,12432,12653,0,0.72200000,0.4711,91774.188,8103.68,26
873,Cacoal,78601,80111,80614,81118,81621,2,0.71799999,0.5890,1168442.114,14865.49,21
874,"Amparo Do Serra",5052,4925,4882,4840,4797,0,0.64099997,0.4617,26713.272,5287.66,11
875,Jaguarão,27942,27297,27082,26867,26651,0,0.70700002,0.5009,427919.318,15314.56,23
876,Josenópolis,4566,4660,4691,4723,4754,0,0.56400001,0.4621,23069.782,5052.51,11
877,"Jardim Olinda",1409,1375,1363,1352,1341,0,0.68199998,0.4443,22101.089,15685.66,18
878,"Silva Jardim",21360,21389,21398,21408,21417,0,0.65399998,0.5072,192515.200,9012.88,19
879,Penaforte,8226,8589,8710,8831,8951,0,0.64600003,0.4578,44003.805,5349.36,6
880,"Cristiano Otoni",5007,5038,5048,5058,5068,0,0.69499999,0.4465,43065.019,8600.96,11
881,Itanhaém,87053,91570,93076,94582,96088,0,0.74500000,0.5140,937490.023,10769.19,26
882,"Muniz Ferreira",7310,7421,7458,7495,7531,0,0.61699998,0.5203,30963.657,4235.79,5
883,"Dona Francisca",3401,3251,3201,3151,3100,0,0.69700003,0.4721,43381.452,12755.50,23
884,"José Raydan",4376,4595,4668,4741,4813,0,0.61699998,0.4902,30848.432,7049.46,11
885,"Santa Fé Do 5",29235,30052,30324,30597,30869,0,0.78399998,0.4983,610317.132,20876.25,26
886,Parnamirim,202413,225730,233502,241275,249047,0,0.76599997,0.5604,2350562.015,11612.70,20
887,"Quatro Pontes",3804,3851,3867,3883,3899,0,0.79100001,0.4699,74354.357,19546.36,18
888,Amambai,34739,36316,36841,37367,37892,0,0.67299998,0.5628,379388.896,10921.12,12
889,Irati,56288,57469,57862,58256,58650,0,0.72600001,0.4930,711104.377,12633.32,18
890,Buenópolis,10291,10268,10260,10253,10245,0,0.66900003,0.4991,75466.974,7333.30,11
891,"Ponte Nova",57361,57978,58184,58390,58596,0,0.71700001,0.5173,789734.371,13767.79,11
892,Forquetinha,2473,3215,3462,3710,3957,0,0.68300003,0.3843,29359.776,11872.13,23
893,"Duas Estradas",3640,3587,3569,3551,3533,0,0.60299999,0.5231,21382.505,5874.31,15
894,"Honório Serpa",5960,5679,5586,5492,5398,0,0.68300003,0.4760,95007.915,15940.93,18
895,Nhamundá,18278,19155,19447,19740,20032,0,0.58600003,0.6586,72239.295,3952.25,3
896,"Porto Alegre Do Tocantins",2795,2916,2956,2996,3036,0,0.64499998,0.5190,18006.383,6442.36,27
897,Jacaraci,13656,13697,13710,13724,13738,0,0.59299999,0.4762,52617.672,3853.08,5
898,"São Vicente Do 5",8440,8471,8482,8492,8502,0,0.68500000,0.5211,122200.621,14478.75,23
899,"Santa Cruz",13594,14293,14526,14759,14992,0,0.54900002,0.5686,58310.929,4289.46,16
900,Virmond,3950,3950,3950,3951,3951,0,0.72200000,0.5398,49435.910,12515.42,18
901,Jatobá,8526,9567,9914,10262,10609,0,0.56099999,0.5800,39179.455,4595.29,10
902,"Flores De Goiás",12058,13421,13876,14330,14784,0,0.59700000,0.6255,100697.536,8351.10,9
903,Piracema,6406,6375,6365,6355,6344,0,0.64600003,0.4425,65829.970,10276.30,11
904,"Frei Inocêncio",8924,9148,9223,9298,9373,0,0.64800000,0.4710,58346.692,6538.18,11
905,"Nova Trento",12179,12877,13110,13343,13575,0,0.74800003,0.3632,201990.297,16585.13,24
906,"Olho dágua Do Borges",4301,4253,4237,4221,4205,0,0.58499998,0.4914,21281.611,4948.06,20
907,"São Manuel",38390,38944,39128,39313,39497,0,0.74400002,0.4607,841580.350,21921.86,26
908,Frutal,53474,55546,56237,56928,57619,0,0.73000002,0.4830,923484.847,17269.79,11
909,Amaralina,3424,3529,3564,3599,3634,0,0.60900003,0.5645,33488.095,9780.40,9
910,Botucatu,127370,133089,134996,136902,138808,1,0.80000001,0.5560,2860583.567,22458.85,26
911,"Centenário Do 5",11178,10986,10922,10859,10795,0,0.66799998,0.4151,94093.582,8417.75,18
912,Cajazeirinhas,3033,3089,3107,3126,3144,0,0.55000001,0.5033,16250.055,5357.75,15
913,Itabela,28399,29195,29460,29726,29991,0,0.59899998,0.5681,251401.206,8852.47,5
914,Paulista,300611,312123,315961,319798,323635,0,0.73199999,0.5047,2129675.177,7084.49,16
915,Venha-ver,3821,3941,3981,4021,4060,0,0.55500001,0.5080,17118.459,4480.10,20
916,"São João Da Paraúna",1692,1592,1559,1526,1493,0,0.72399998,0.5032,24758.940,14632.94,9
917,Panorama,14603,14889,14985,15080,15175,0,0.72200000,0.4643,157578.767,10790.85,26
918,"São Miguel Do Anta",6750,6783,6794,6805,6815,0,0.64399999,0.4470,47366.045,7017.19,11
919,Goiana,75648,76989,77436,77884,78331,0,0.65100002,0.5569,734262.089,9706.30,16
920,Novorizonte,4953,5056,5090,5125,5159,0,0.61600000,0.4386,24211.497,4888.25,11
921,"Quarto Centenário",4856,4713,4665,4618,4570,0,0.70999998,0.6104,88845.064,18295.94,18
922,Buritizeiro,26921,27226,27328,27430,27531,0,0.62400001,0.4269,306341.423,11379.27,11
923,Remanso,39149,40017,40306,40595,40884,0,0.57900000,0.5465,171670.313,4385.05,5
924,Gongogi,8344,7691,7473,7255,7037,0,0.57599998,0.4781,34247.984,4104.50,5
925,Bannach,3434,3330,3296,3261,3226,0,0.59399998,0.6263,35625.533,10374.35,14
926,"Rio Claro",17401,17753,17870,17988,18105,0,0.68300003,0.5228,198519.527,11408.51,19
927,"Buriti Dos Montes",7977,8185,8254,8324,8393,0,0.57400000,0.5702,27358.550,3429.68,17
928,"São João Da Urtiga",4726,4665,4645,4625,4604,0,0.69400001,0.3995,65676.639,13896.88,23
929,Ibicoara,17301,18155,18440,18725,19010,0,0.59100002,0.4907,219116.542,12664.96,5
930,"Duque De Caxias",855046,878923,886882,894841,902800,1,0.71100003,0.4875,26496845.300,30988.80,19
931,"Querência Do 3",11749,11842,11873,11905,11936,0,0.68800002,0.5073,140440.940,11953.44,18
932,"Lucas Do Rio Verde",45545,53414,56037,58660,61282,0,0.76800001,0.4786,1651886.269,36269.32,13
933,Paraguaçu,20241,20631,20761,20891,21020,0,0.71499997,0.4196,292338.178,14442.87,11
934,Irapuã,7284,7472,7534,7597,7660,0,0.71300000,0.3642,104128.484,14295.51,26
935,"Três Corações",72796,75048,75798,76549,77299,0,0.74400002,0.5655,1758233.073,24152.88,11
936,Caçu,13279,14090,14361,14631,14901,0,0.73000002,0.5354,187190.754,14096.75,9
937,"Pouso Redondo",14812,15595,15856,16117,16377,0,0.72000003,0.4285,261258.423,17638.29,24
938,"Santa Rita",32365,34598,35342,36087,36831,0,0.60900003,0.5388,106281.495,3283.84,10
939,"Miguel Alves",32292,33025,33269,33514,33758,0,0.53899997,0.6000,115728.358,3583.81,17
940,Icó,65453,66333,66626,66919,67212,0,0.60600001,0.5612,287336.293,4389.96,6
941,"Matões Do 3",13796,15704,16340,16977,17613,0,0.53299999,0.5754,45814.565,3320.86,10
942,Iretama,10602,10382,10309,10236,10162,0,0.66500002,0.5843,92148.818,8691.64,18
943,"Anísio De Abreu",9094,9672,9865,10058,10251,0,0.59399998,0.5310,29495.081,3243.36,17
944,Viana,49452,51031,51557,52083,52609,0,0.61799997,0.5705,165487.602,3346.43,10
945,"Lindóia Do 5",4642,4572,4548,4525,4501,0,0.74299997,0.4295,88275.224,19016.64,24
946,"Jerônimo Monteiro",10888,11098,11168,11238,11307,0,0.69800001,0.5389,78569.242,7216.13,8
947,Quatiguá,7044,7135,7165,7195,7225,0,0.71399999,0.4286,70509.842,10009.92,18
948,"Nova América Da Colina",3480,3449,3438,3428,3417,0,0.69800001,0.3588,50367.967,14473.55,18
949,Sananduva,15373,15562,15625,15688,15750,0,0.74699998,0.4400,314144.317,20434.81,23
950,"Alto Alegre",1848,1761,1732,1704,1675,0,0.74699998,0.4991,33233.048,17983.25,23
951,Malacacheta,18787,18648,18602,18556,18509,0,0.61799997,0.5399,102929.595,5478.77,11
952,"Cruz Machado",18043,18156,18193,18231,18269,0,0.66399997,0.5463,145686.973,8074.43,18
953,"Igreja Nova",23298,23852,24037,24222,24406,0,0.56800002,0.6630,143400.651,6155.06,2
954,"Faria Lemos",3377,3308,3285,3263,3240,0,0.68699998,0.5150,30785.331,9116.18,11
955,"Nova Veneza",13316,13858,14038,14219,14399,0,0.76800001,0.4022,417331.713,31340.62,24
956,Cláudia,10972,11189,11261,11334,11406,0,0.69900000,0.5445,169344.353,15434.23,13
957,"Anita Garibaldi",8627,8133,7969,7804,7639,0,0.68800002,0.5068,80879.889,9375.20,24
958,Tamarana,12232,12988,13240,13492,13743,0,0.62099999,0.4848,147157.472,12030.53,18
959,Carapebus,13348,14753,15221,15689,16157,0,0.71300000,0.4413,1119356.989,83859.53,19
960,Maraã,17364,17450,17478,17507,17535,0,0.49800000,0.6977,83293.948,4796.93,3
961,Coari,75909,78553,79434,80316,81197,0,0.58600003,0.6234,1376423.545,18132.55,3
962,"Novo Horizonte Do 5",4944,4503,4356,4209,4061,0,0.64899999,0.4063,66453.294,13441.20,12
963,"Felipe Guerra",5734,5794,5814,5834,5854,0,0.63599998,0.4856,59098.255,10306.64,20
964,Indiana,4828,4797,4786,4776,4766,0,0.76099998,0.4517,42867.748,8878.99,26
965,Lucena,11730,12323,12520,12718,12915,0,0.58300000,0.5625,78847.527,6721.87,15
966,Ceres,20686,20229,20077,19925,19772,0,0.77499998,0.5312,221446.306,10705.13,9
967,"São Joaquim Do Monte",20489,20683,20748,20813,20877,0,0.53700000,0.5461,113548.575,5541.93,16
968,Iraceminha,4253,4151,4117,4084,4050,0,0.72200000,0.4362,66070.282,15534.98,24
969,"Água Azul Do 3",25061,25954,26252,26550,26847,0,0.56400001,0.5260,194843.068,7774.75,14
970,Colares,11382,11607,11682,11757,11832,0,0.60200000,0.5657,41244.094,3623.62,14
971,"Planaltina Do Paraná",4095,4126,4136,4147,4157,0,0.70499998,0.4313,58223.835,14218.27,18
972,Coromandel,27551,27581,27591,27601,27610,0,0.70800000,0.5130,553106.932,20075.75,11
973,Soure,22995,23906,24210,24514,24817,0,0.61500001,0.5322,93034.832,4045.87,14
974,"Barra Velha",22403,24465,25152,25840,26527,0,0.73799998,0.4481,385356.909,17201.13,24
975,Humaitá,44116,47512,48644,49776,50908,0,0.60500002,0.6751,251339.845,5697.25,3
976,"Alto Alegre Do Pindaré",31028,31283,31368,31454,31539,0,0.55800003,0.5850,124182.405,4002.27,10
977,"Cardoso Moreira",12540,12524,12518,12513,12507,0,0.64800000,0.4698,119597.901,9537.31,19
978,Igarapé,34879,37891,38895,39900,40904,0,0.69800001,0.4759,412552.399,11828.10,11
979,Portel,52166,56403,57815,59228,60640,0,0.48300001,0.6523,189751.081,3637.45,14
980,Schroeder,15316,16668,17118,17569,18019,0,0.76899999,0.3450,241307.255,15755.24,24
981,"Vargem Grande Paulista",42946,46025,47051,48078,49104,0,0.76999998,0.5199,750867.537,17483.99,26
982,"Tibau Do 5",11402,12498,12863,13229,13594,0,0.64499998,0.6049,80788.839,7085.50,20
983,"Serra Branca",12971,13180,13249,13319,13389,0,0.62800002,0.4863,67052.879,5169.45,15
984,"Marechal Cândido Rondon",46799,48537,49116,49695,50274,0,0.77399999,0.5416,1045072.976,22331.10,18
985,Arealva,7842,8021,8081,8141,8201,0,0.74400002,0.4514,134358.227,17133.16,26
986,"Itapuã Do Oeste",8561,9083,9257,9431,9604,0,0.61400002,0.4771,94117.422,10993.74,21
987,Pacatuba,13137,13617,13777,13938,14098,0,0.55500001,0.5862,146196.387,11128.60,25
988,"Cícero Dantas",32304,32715,32852,32989,33126,0,0.58499998,0.5391,137390.623,4253.05,5
989,"Manoel Viana",7074,7098,7106,7114,7121,0,0.65499997,0.5256,112574.528,15913.84,23
990,"São Pedro Do 5",16371,16186,16124,16062,16000,0,0.70899999,0.4909,213931.270,13067.70,23
991,Varzedo,9121,9255,9300,9345,9390,0,0.58600003,0.5237,46963.422,5148.93,5
992,"Cunha Porã",10613,10728,10767,10805,10843,0,0.74199998,0.3870,242248.681,22825.66,24
993,Augustinópolis,15965,16865,17165,17466,17766,0,0.67000002,0.5309,101642.187,6366.56,27
994,Ressaquinha,4686,4725,4738,4751,4763,0,0.68300003,0.4290,95245.399,20325.52,11
995,Ubirajara,4429,4511,4538,4566,4593,0,0.72700000,0.4219,56562.810,12771.01,26
996,Pacoti,11607,11810,11878,11946,12014,0,0.63499999,0.5105,55036.115,4741.63,6
997,"Pajeú Do Piauí",3366,3508,3555,3602,3649,0,0.55900002,0.5998,13107.792,3894.17,17
998,"Juazeiro Do Piauí",4757,4827,4851,4874,4897,0,0.56999999,0.5109,21004.503,4415.49,17
999,Rodeio,10914,11074,11128,11181,11234,0,0.75400001,0.4301,152826.596,14002.80,24
1000,"Santa Terezinha Do Progresso",2896,2740,2688,2636,2584,0,0.68199998,0.5659,37868.888,13076.27,24
